Date,PRIMARY GLD|L20|m1|k0.75|H2|A|rev,alt SPY+GLD|L60|m1|k0.5|H3|B|rev,alt SPY+GLD+TLT|L120|m1|k0.75|H5|B|rev,Buy & hold GDX,Cash (Fed Funds)
2008-05-23,1000.0,1000.0,1000.0,1000.0,1000.0
2008-05-27,970.7132243269966,1000.0904761904761,1000.0904761904761,970.9132232404071,1000.0904761904761
2008-05-28,982.630786025753,1000.1809605668932,1000.1809605668932,982.8332406489517,1000.1809605668932
2008-05-29,1018.4099655354593,1036.7992062282442,1036.7992062282442,946.831403080345,1000.2714531299921
2008-05-30,1000.8058838017071,1018.8772508413142,1018.8772508413142,963.3695205396647,1000.3619538805133
2008-06-02,1000.6843573780162,1012.184155058185,1012.184155058185,969.8493677313278,1000.440553748318
2008-06-03,1000.7629825775244,1012.0612469873275,1032.0004588919137,951.0142895137692,1000.5191597918268
2008-06-04,1000.8416139547269,1012.140766085305,1049.8729585888532,934.6937788631249,1000.5977720115246
2008-06-05,1025.5213876247785,1037.0991657770548,1075.5518229462753,957.929350322783,1000.676390407897
2008-06-06,1047.2644398193418,1014.8587758846118,1052.4868232999488,978.2393191324736,1000.7550149814291
2008-06-09,1045.0124809778633,1017.2005298264423,1054.9154027493792,976.1357866486127,1000.8336457326061
2008-06-10,990.3442384024008,1070.5736781679,1110.267474074232,925.0707222128187,1000.9122826619137
2008-06-11,988.1181641145446,1067.7390363947718,1112.9375798118747,922.9913682632553,1000.9909257698371
2008-06-12,964.3561145917809,1042.0622815474037,1085.7287260010207,900.795473778379,1001.0695750568617
2008-06-13,964.23901421131,1041.1112906253495,1084.7378848771032,899.9734036122724,1001.1482305234731
2008-06-16,964.3147758481408,1056.355115746227,1100.6204852945139,913.1507048042741,1001.226892170157
2008-06-17,964.3905434376717,1066.536312324435,1111.22831343086,921.9516912884735,1001.305559997399
2008-06-18,964.4663169803704,1060.962935447664,1116.7653668831922,926.545612804951,1001.3842340056844
2008-06-19,964.5420964767044,1050.9591239206006,1106.6821010784204,918.1798399381023,1001.4629141954991
2008-06-20,964.6178819271419,1047.6104457706629,1103.1558724302654,915.2542372881348,1001.5416005673287
2008-06-23,964.6936733321503,1058.8465062320618,1114.9876808386434,925.0707222128187,1001.6202931216588
2008-06-24,971.1827958788869,1065.7571896576267,1122.2647760930824,918.8084818298306,1001.6989918589755
2008-06-25,973.5588493615197,1062.890927820524,1119.2465419868004,916.70494934597,1001.7776967797645
2008-06-26,973.440631506159,1124.033648265354,1183.6311148854195,969.4383326482741,1001.8564078845113
2008-06-27,930.3291134181949,1074.027894430637,1130.9740024818775,1012.3310524915971,1001.9351251737023
2008-06-30,930.097568029341,1073.760584504645,1130.6925194976182,1012.7420875746504,1002.0138486478229
2008-07-01,929.9853657877383,1049.9620083063269,1105.6321173274766,1035.3490171425801,1002.093373556446
2008-07-02,930.0591741501024,1078.1302716746673,1135.2938921564667,1007.7371309751197,1002.1729047765695
2008-07-03,909.7898291010013,1054.4182974833955,1110.3246837244399,985.9764501075939,1002.2524423086948
2008-07-07,889.3090162890874,1030.681668335152,1085.3295131032444,963.7805556227174,1002.3319861533224
2008-07-08,889.2017345709806,1018.6064983396226,1072.6141046754842,952.4891801059014,1002.4115363109536
2008-07-09,889.2723061372164,1016.3569485046625,1070.2452813015102,950.3856476220407,1002.4910927820894
2008-07-10,889.3428833043702,1045.4718119008978,1100.9038459046292,977.610677240745,1002.5706555672309
2008-07-11,889.4134660728864,1092.4537884444235,1150.3768571099004,1021.5430740588498,1002.6502246668791
2008-07-14,852.5792516484049,1046.9923614177787,1102.5050165837113,1063.8071520104445,1002.7298000815352
2008-07-15,876.6847735144477,1076.5946502524407,1133.6768504434924,1033.8983050847453,1002.8093818117005
2008-07-16,857.1647577872708,1052.623497633379,1108.4347216661427,1011.2913755168156,1002.888969857876
2008-07-17,844.2128111489482,1036.7181267607054,1091.6860310128498,996.010541840953,1002.9685642205633
2008-07-18,844.1109696077416,1033.8994534669946,1088.7179086454444,993.302545999661,1003.0481649002634
2008-07-21,844.1779625418374,1059.7960146591136,1115.9875332183647,1018.182257791532,1003.1277718974778
2008-07-22,844.2449607928329,1097.8692443028092,1156.0794462318242,981.3583500568191,1003.2073852127079
2008-07-23,844.3119643611498,1041.249096228637,1096.4572373295964,931.139534321429,1003.287004846455
2008-07-24,844.3789732472102,1030.4880887532202,1085.1256697247707,921.516477671123,1003.3666307992206
2008-07-25,850.5463183078732,1038.2208727702834,1093.268454223624,928.4315384801367,1003.4462630715065
2008-07-28,852.8499413221178,1041.0327942904908,1096.229466831271,930.9461060470506,1003.5259016638136
2008-07-29,852.747057841442,1067.4678403522387,1124.0661273177263,907.081892695664,1003.605546576644
2008-07-30,852.814736179366,1064.0816717275725,1120.5004204097627,904.5673251287499,1003.6851978104993
2008-07-31,847.2403023610442,1056.9134730617718,1127.7783419190107,910.4427089629818,1003.7648553658811
2008-08-01,871.9230386246463,1087.7046387279142,1095.1025704551826,884.063928044681,1003.8449175626782
2008-08-04,842.4815538510094,1050.9770399138774,1058.563212247195,854.5661162020349,1003.9249861453885
2008-08-05,794.8559845217609,991.5651992046402,998.7225244317483,806.2574046761276,1004.0050611145215
2008-08-06,811.946842427184,1012.885665117425,1020.1968859316852,823.5934137672566,1004.0851424705866
2008-08-07,802.4598673549026,1024.4768808195602,1031.8717694557893,813.9703571169506,1004.1652302140931
2008-08-08,802.3633811130012,1084.6816857904166,1092.511145314931,766.2661089484747,1004.2453243455507
2008-08-11,754.226176231111,1019.3900644988994,1026.748235429821,720.4477864551843,1004.3254248654687
2008-08-12,777.2096101156833,1050.4538022586732,1058.0361977530376,742.401895597088,1004.4055317743567
2008-08-13,732.3214512424131,989.7842781674831,996.9287483336462,785.1011871660329,1004.4856450727244
2008-08-14,764.4636638183475,1033.226753625772,1040.684800676012,750.7676684639367,1004.5657647610815
2008-08-15,764.3717461673937,1073.122109559375,1080.8681296422478,721.8984985130193,1004.6458908399374
2008-08-18,764.4327139138142,1053.9924124105453,1061.600350333919,734.8823714306429,1004.7260233098019
2008-08-19,784.5262035925833,1053.8656823758067,1033.652694067536,754.3460915399301,1004.8061621711848
2008-08-20,784.0735778033451,1053.9497407099961,1034.413943503858,753.9108779225795,1004.886307424596
2008-08-21,783.9793022937849,1054.0338057488386,1034.2895675468296,802.4613747914593,1004.9664590705454
2008-08-22,805.4196604622533,1082.8596462408113,1062.5754402901948,780.4830871152583,1005.0466171095427
2008-08-25,811.810855484498,1091.4523930044948,1071.007227094163,774.4142750066484,1005.1267815420979
2008-08-26,811.7132448976427,1089.2411154152642,1068.8373713181745,776.1067724074559,1005.2069523687209
2008-08-27,811.7779886921761,1089.1101471437948,1047.1309906157007,791.9920694407499,1005.2871295899217
2008-08-28,809.5890471285763,1086.173385490203,1044.5168509242542,794.0956019246108,1005.3673132062104
2008-08-29,818.4690438161211,1073.998467808229,1032.8088613460543,785.5122222490867,1005.4475032180972
2008-09-02,818.3703078721136,1006.4933943296508,967.8927183865829,736.1396552141005,1005.5273006389875
2008-09-03,818.4352578965479,966.7242429342153,929.6487793116601,707.0528784545075,1005.6071043930066
2008-09-04,785.0785246656883,927.5170821996895,891.9452776321141,678.3771367779681,1005.6869144806568
2008-09-05,787.2610859816688,930.0956305103596,894.4249343769732,680.2630624531537,1005.7667309024409
2008-09-08,787.16611480702,888.3099244841845,854.2417788558047,649.7013951014285,1005.8465536588619
2008-09-09,708.1485253709618,799.3169460957438,768.6618274572415,584.6127807732291,1005.9263827504221
2008-09-10,735.0346802525135,829.6644769345904,797.8454806092775,606.8086752581055,1006.0062181776245
2008-09-11,748.5347182523344,844.9025361263971,812.4991351858348,595.5172997412892,1006.086059940972
2008-09-12,672.6451981737049,759.2428513898578,730.124640149028,655.9878140187136,1006.1659080409673
2008-09-15,701.0649975086584,791.3214710567827,760.9729920273713,628.3759278512531,1006.2457624781134
2008-09-16,689.2801038236497,804.4326534453387,773.5813390218132,639.0386614763407,1006.3256232529131
2008-09-17,607.2392187734799,708.3640771481715,681.1971505237618,715.2010445126809,1006.4054903658699
2008-09-18,612.488311803884,702.0699342536813,675.144398354316,709.132232404071,1006.4853638174862
2008-09-19,592.7045665719772,679.1118206005835,653.066766093724,732.1501970550539,1006.5652436082655
2008-09-22,538.5801064715365,740.9629498294478,712.5458028582693,799.1247370584389,1006.6451297387107
2008-09-23,553.0544559042868,760.5799569097321,731.4104654745512,777.7750912739663,1006.725022209325
2008-09-24,552.8499665885264,760.2987360040705,731.1400298528359,778.1861263570196,1006.8049210206113
2008-09-25,552.7832735794772,781.0657165410172,751.110562553623,757.0540873812223,1006.8848261730734
2008-09-26,552.8271452678566,763.6906306948289,734.4018398072924,740.5159699219026,1006.9647376672142
2008-09-29,552.871020438116,747.7320966208478,719.055341744463,725.041707971662,1007.044655503537
2008-09-30,543.6709941280174,735.4390391633822,707.233743245336,713.1216905631173,1007.1245796825455
2008-10-01,541.7539335459311,737.8437716832883,709.5462503206901,710.6071229962033,1007.1969168051338
2008-10-02,541.6844944532177,849.6179909344595,817.033744551696,603.0610024420314,1007.2692591233647
2008-10-03,547.2010588834365,858.1006541535048,825.1910836942028,609.3232428250195,1007.3416066376113
2008-10-06,518.6478519587383,902.6567743843638,868.0384034818585,577.5284702241346,1007.413959348247
2008-10-07,508.48594957102813,884.609897151046,850.6836536522497,566.2129161730212,1007.4863172556447
2008-10-08,593.0599002587683,1031.7426820050923,992.1736543799931,660.3883072608133,1007.558680360178
2008-10-09,612.8408318454407,1066.1554477289048,1025.2666339775444,638.1924127759371,1007.6310486622198
2008-10-10,702.1326691892251,1221.4959111492801,1174.649535308474,545.2984840058992,1007.7034221621437
2008-10-13,721.5275959010161,1187.441547068551,1207.096738877074,560.5793176817617,1007.7758008603228
2008-10-14,737.6791088668534,1213.547644042442,1234.1177963387036,573.127976982035,1007.8481847571308
2008-10-15,737.5845571435312,1325.765144540672,1348.2374315301088,519.9835585966775,1007.9205738529408
2008-10-16,668.2709069395537,1200.9127606427437,1221.2687462542006,471.2227084794117,1007.9929681481264
2008-10-17,648.390075992371,1165.1860166999425,1184.9364187007675,457.2039942938657,1008.0653676430609
2008-10-20,648.3069688549542,1048.6429254087934,1303.1512085962133,502.8167992456295,1008.137772338118
2008-10-21,708.1599559321721,1145.6654553055753,1423.2000916392947,456.3674170071808,1008.2101822336708
2008-10-22,816.7092196131207,1321.2771099273316,1641.3532373007824,386.4793636209771,1008.2825973300933
2008-10-23,765.0891239741719,1404.449705092365,1744.6741889036928,362.2065330399669,1008.3550176277587
2008-10-24,803.0971556357704,1473.658057755318,1830.6480946333088,380.20019826398106,1008.4274431270408
2008-10-27,802.9942189805936,1616.8346537945902,2008.5088686140905,343.1635194274521,1008.4998738283131
2008-10-28,906.6357620075153,1825.194276083755,2267.3430964967624,387.5238763026183,1008.5723097319492
2008-10-29,1017.7676013072863,2048.9193986527903,2545.2650792777977,435.0250247829974,1008.6447508383229
2008-10-30,973.4521961020522,1959.7058166252873,2434.43972661571,453.85526729369633,1008.717197147808
2008-10-31,1006.8027726376798,2026.8455478687767,2517.843892479195,438.37133392973686,1008.7896486607777
2008-11-03,1006.6401660044875,2016.3590392483939,2530.0574289942215,440.6731303948351,1008.8284790559843
2008-11-04,1006.6789136616711,1708.2710232507357,2916.830366414262,508.03936265383555,1008.8673109458528
2008-11-05,1006.7176628103321,1707.995123931405,3031.106591294446,487.97117918711723,1008.9061443304408
2008-11-06,1006.7564134505276,1863.8166515586067,3308.2426869466435,443.3932155032759,1008.944979209806
2008-11-07,1042.1900783815752,1929.0425320307104,3424.017509481384,459.0875021156215,1008.9838155840058
2008-11-10,1098.7032858754274,2033.6456971715738,3609.6863389874134,483.981721028071,1009.022653453098
2008-11-11,1098.5258365804423,2163.0925478819613,3839.452285574917,453.0186900070115,1009.0614928171398
2008-11-12,1098.5681211066915,2381.0645453165125,4226.348853898301,407.403467201818,1009.1003336761888
2008-11-13,1098.6104072605597,2112.205561343362,3749.1287545900987,453.436978650354,1009.1391760303026
2008-11-14,1098.652695042109,2111.864423392341,3943.1741118124346,430.00314320945847,1009.1780198795389
2008-11-17,1057.7968064244567,2033.329962004256,3795.7496187544525,414.0985033487268,1009.2168652239549
2008-11-18,1044.437464019411,2007.6502180119546,3747.8115662544,408.86868638023145,1009.2557120636083
2008-11-19,1044.2687790850625,1920.3177175137039,3584.7822932561526,391.08295655117377,1009.2945603985568
2008-11-20,1044.3089751452098,1920.0075709714108,3485.027702620829,380.2001982639811,1009.333410228858
2008-11-21,1319.9822541875687,1920.081476024738,2563.238689900613,480.64024758819096,1009.3722615545693
2008-11-24,1415.3480951202803,1781.1235672450916,2378.247609887044,515.3654585459028,1009.4111143757483
2008-11-25,1415.1195051771479,1804.811215629436,2409.8765738679353,522.4255905606999,1009.4499686924526
2008-11-26,1415.1739760469902,1888.1731659066725,2297.788992242611,546.5557677893563,1009.4888245047396
2008-11-28,1387.3913174886634,1850.7269656077503,2253.1384157424795,557.218501414444,1009.5276818126671
2008-12-01,1576.0197890151476,2102.3501337326225,2559.4730814865443,481.47682487487583,1009.5433054553617
2008-12-02,1575.7289758477561,1952.5414481024757,2377.09085500057,515.8006721632532,1009.558929339851
2008-12-03,1575.7533621295254,1999.372085096861,2434.1040769433816,503.445441137358,1009.5745534661385
2008-12-04,1575.7777487887015,1935.3898020141767,2511.100001806991,487.53596556976703,1009.5901778342278
2008-12-05,1575.80213582529,1942.876431965994,2501.464088041572,489.42189124495263,1009.6058024441228
2008-12-08,1449.4995996495256,2098.2719924864327,2301.4688757800473,528.5669382722018,1009.6214272958273
2008-12-09,1440.9910848416962,2097.884811355563,2301.044199987216,531.6859691965471,1009.637052389345
2008-12-10,1440.7251876845116,2097.9172786205013,2063.3305869419037,586.5228849827121,1009.6526777246797
2008-12-11,1440.7474846219404,2097.949746387909,2079.640479852696,581.9047849319372,1009.668303301835
2008-12-12,1492.8403583561608,2097.9822146577935,2004.0956978775002,603.0610024420317,1009.6839291208148
2008-12-15,1562.209372655971,2000.1389285459518,1911.0318018152805,631.0839236925456,1009.6995551816228
2008-12-16,1561.9211078391475,1860.8861477794503,1777.9827976996237,675.0404990449476,1009.7151814842626
2008-12-17,1561.9452804277214,1839.945922087811,1797.3339657560814,667.7144031528807,1009.7308080287381
2008-12-18,1460.2783796000806,1720.5519758168446,1914.0184572954392,624.3864696922071,1009.7464348150529
2008-12-19,1495.0549906660963,1761.5270170950932,1868.4952443974573,639.2562682850164,1009.7620618432109
2008-12-22,1528.77093031954,1801.2523375529233,1911.3802704741163,624.6040765008822,1009.7776891132155
2008-12-23,1484.2564686280698,1853.0361144634421,1966.3300892495718,642.8105128267122,1009.793316625071
2008-12-24,1490.6110304471483,1860.2283217267586,1973.962025529493,640.0783384511228,1009.8089443787808
2008-12-26,1409.7442372820947,1960.4606252343635,2080.3224967385863,674.8228922362723,1009.8245723743487
2008-12-29,1409.4841059120997,2010.332609941189,2133.2436370089804,691.9896515873205,1009.8402006117784
2008-12-30,1409.505919356596,1996.3544065842177,2118.41081122651,687.1781232621676,1009.8558290910735
2008-12-31,1409.5277331386812,2047.3502657519216,2172.5245392461197,704.7317391619717,1009.8714578122381
2009-01-02,1409.5366825211138,2028.5253481258967,2152.548672792802,698.2518919703085,1009.8778696945099
2009-01-05,1409.5456319603677,1934.3305147747471,2052.5948005371356,665.8284774776951,1009.884281617492
2009-01-06,1409.5545814564434,1983.5703162992538,2104.8451061683077,682.7776300200678,1009.8906935811847
2009-01-07,1409.5635310093414,1824.2609451999463,1935.7956162814367,627.9407142339029,1009.8971055855883
2009-01-08,1492.918651503024,1823.907675629299,2050.6568465405267,665.1998355859664,1009.9035176307029
2009-01-09,1463.3446239591474,1823.9192559954936,2010.0342834815335,652.0225343939646,1009.9099297165291
2009-01-12,1463.0612461187268,1823.9308364352141,2009.6450387574273,607.0262820667808,1009.9163418430668
2009-01-13,1463.0705353964797,1791.5509150596727,2009.6577984084672,617.6890156918683,1009.9227540103163
2009-01-14,1463.0798247332123,1871.6594330536932,2009.6705581405204,590.077129524408,1009.9291662182783
2009-01-15,1521.9578609848368,1795.9885548084203,2009.683317953588,613.9413428757945,1009.9355784669526
2009-01-16,1607.0105647417374,1695.6447960641258,2009.69607784767,648.2506830435935,1009.9419907563396
2009-01-20,1606.6993658785893,1701.6745432783507,2009.7088378227675,645.9537222853547,1009.9484030864396
2009-01-21,1646.9725044002432,1743.987972343542,2009.7215978788804,662.2742329359991,1009.9548154572528
2009-01-22,1645.40917023683,1742.332549456723,2009.7343580160095,661.6455910442705,1009.9612278687795
2009-01-23,1645.0905354534468,1891.0659214833565,2009.7471182341558,718.1266471626487,1009.9676403210199
2009-01-26,1645.1009804727194,1890.6997150763698,2009.759878533319,709.7608742957999,1009.9740528139743
2009-01-27,1621.9630322510518,1864.1074799312737,1981.4930909260763,699.9202108368188,1009.9804653476427
2009-01-28,1585.1511735393703,1821.7999428233645,1936.5213854981728,684.0349138035249,1009.9868779220258
2009-01-29,1584.844207764567,1914.850766798448,2035.4317577790698,718.9728958630524,1009.9932905371236
2009-01-30,1584.8542702674733,1921.9009410546932,2027.1492976108245,716.0472932130849,1009.9997031929364
2009-02-02,1525.242400545189,1849.2271967073993,1951.3066059898035,689.257477211731,1010.0057150959316
2009-02-03,1539.1534761555579,1866.093197380441,1969.10362876155,695.5438961290163,1010.011727034712
2009-02-04,1502.440846788734,1909.8799296883085,2015.307437660305,711.8644067796606,1010.0177390092778
2009-02-05,1473.3202995174606,1909.509322044935,2054.3924384595457,725.6703498633908,1010.023751019629
2009-02-06,1473.0344052286885,1949.8459766328106,2098.200495420583,741.1446118136313,1010.029763065766
2009-02-09,1519.322769825408,1888.2076160644222,2097.7933446207635,717.7156120795953,1010.0357751476889
2009-02-10,1543.7040699952759,1857.9291227509664,2097.8058314859095,706.2066297541039,1010.0417872653982
2009-02-11,1661.1053259080425,1999.9708856900975,2097.8183184253826,760.1972968398651,1010.0477994188936
2009-02-12,1667.022561238785,1992.0703553413753,2089.9508225833592,762.9052926811573,1010.0538116081759
2009-02-13,1666.6990794883004,1948.152937731225,2135.2150259572695,746.391353756135,1010.059823833245
2009-02-17,1666.7090003161545,2015.3001570427364,2061.6457346000316,772.11731424841,1010.0658360941011
2009-02-18,1666.7189212030612,2040.9852321949127,2035.3945267467589,781.957977707391,1010.0718483907444
2009-02-19,1666.7288421490205,1946.5121246267254,2129.6330826745675,745.7627118644065,1010.0778607231753
2009-02-20,1727.1875474680614,2017.508954121722,2129.2198324561887,772.9635629488137,1010.0838730913939
2009-02-23,1706.1170377832796,1992.8967213510118,2129.232506383763,763.5339345728858,1010.0898854954004
2009-02-24,1705.785969842901,1829.1307111357098,2129.245180386777,700.7906380715198,1010.095897935195
2009-02-25,1674.3705993831556,1795.8095325859222,2090.030983925988,688.0243719625713,1010.101910410778
2009-02-26,1702.3199244559123,1765.1361519121945,2124.9186936142737,699.5091757537654,1010.1079229221494
2009-02-27,1706.2488359413235,1769.9160961618409,2119.189763952871,697.6232500785799,1010.1139354693096
2009-03-02,1828.5717196056144,1896.8033567804946,1967.299685936433,647.6220411518649,1010.1227539243018
2009-03-03,1870.9859827528026,1940.8002729803738,2013.7187039285188,662.9028748277275,1010.1315724562805
2009-03-04,1855.2903634115182,1956.3391277310272,2029.841373986148,657.3418119393597,1010.1403910652465
2009-03-05,1854.935502327573,1856.99842734147,1926.7683122080732,690.7323678038632,1010.1492097512001
2009-03-06,1854.9516962089424,1867.1712795686392,1937.3233719364468,686.960516453492,1010.1580285141425
2009-03-09,1854.967890231687,1866.8141460238064,2007.589603446931,662.0566261273236,1010.1668473540739
2009-03-10,1854.9840843958082,1866.8304436076207,2128.819079372997,622.0895089339679,1010.1756662709953
2009-03-11,1855.0002787013066,1967.529593492501,2243.224458168825,655.7702072100383,1010.1844852649072
2009-03-12,1776.4865568462176,1883.859512481705,2147.830329022732,683.406271911796,1010.1933043358102
2009-03-13,1756.9708806285175,1903.8340878348044,2170.603788757115,690.925796078241,1010.2021234837053
2009-03-16,1756.6348250959409,1880.1827332308771,2143.6383508334206,682.3424164027169,1010.2109427085928
2009-03-17,1756.650160796795,1837.5436708258403,2095.0246029250184,666.8681544524765,1010.2197620104736
2009-03-18,1756.665496631532,2022.024236480959,2305.3550184385167,733.8185159215642,1010.2285813893484
2009-03-19,1642.0892283579487,1889.735885953689,2154.530113738188,781.5469426243375,1010.2374008452175
2009-03-20,1633.3293392687315,1879.654901021207,2143.0365575356436,785.7298290577618,1010.246220378082
2009-03-23,1639.0373423600568,1886.2237391163196,2150.525836642522,782.9976546821724,1010.2550399879424
2009-03-24,1660.5256891920812,1910.9527851614619,2121.5090366109853,772.7459561401381,1010.2638596747995
2009-03-25,1660.2080807154746,1843.7201329208153,2196.1866876381982,799.9468072245454,1010.2726794386539
2009-03-26,1660.2225745955443,1842.3034288305892,2197.912571146202,800.5754491162737,1010.2814992795062
2009-03-27,1660.237068602148,1900.5909077786396,2128.412574556409,775.2605237070521,1010.2903191973571
2009-03-30,1660.2515627352866,1900.2273820669923,2091.0405603990757,761.6480088976999,1010.2991391922071
2009-03-31,1660.2660569949612,1900.2439713536612,2090.640607413564,772.3349210570848,1010.3079592640571
2009-04-01,1660.2779160382256,1900.2575445248854,2090.6555405607596,808.1191518170161,1010.3151757494804
2009-04-02,1726.1859690852577,1975.69206897271,2090.670473814621,775.8891655987808,1010.3223922864499
2009-04-03,1829.1147675769455,2093.4983856100075,2090.685407175148,729.6356294881398,1010.3296088749663
2009-04-06,1739.7670998652604,1991.2362414143106,1988.9788062902312,694.286612345559,1010.3368255150295
2009-04-07,1756.5498086904663,2010.4447538895965,2008.165542358559,700.9840663458975,1010.3440422066403
2009-04-08,1757.034507849396,2010.999512357853,2008.7196719053316,701.1774946202754,1010.351258949799
2009-04-09,1732.4360249366164,1982.845519410446,1980.597596724004,691.3610096955915,1010.3584757445057
2009-04-13,1732.1019122834173,2026.3247149218496,2024.027500513475,706.5209506999678,1010.3656925907609
2009-04-14,1726.3613825253751,2020.0143370852563,2017.7242766590555,704.3207040789179,1010.3729094885651
2009-04-15,1737.1474370930785,2006.6144336567709,2030.330724168202,708.7211973210176,1010.3801264379186
2009-04-16,1736.8124158104158,2100.223949133559,1935.6438372102102,675.6691409366756,1010.3873434388217
2009-04-17,1736.824821613386,2013.4809815400301,1856.472575851578,648.0330762349179,1010.394560491275
2009-04-20,1805.491650886941,2093.488340161885,1930.241073547638,673.7832152614901,1010.4017775952785
2009-04-21,1761.7586757185043,2143.389741050678,1883.4863932382127,657.4627046108458,1010.4089947508328
2009-04-22,1770.6996400933763,2153.4101361128796,1893.045128480786,660.7993423438664,1010.4162119579381
2009-04-23,1834.6469727700594,2231.178737430317,1961.410865877418,684.6635556952532,1010.423429216595
2009-04-24,1834.293148006009,2364.81150378321,2078.8863310047423,725.6703498633906,1010.4306465268038
2009-04-27,1851.3707318913885,2386.3553408728644,2097.825340888374,718.7794675886742,1010.4378638885647
2009-04-28,1917.7221874814572,2471.880161857956,2173.0095071625556,693.029328562102,1010.4450813018782
2009-04-29,1917.352341069275,2412.2378046687068,2120.578401803302,709.7608742957996,1010.4522987667445
2009-04-30,1917.3660364431398,2411.7725873899944,2183.745658260738,688.6288353200023,1010.4595162831645
2009-05-01,1917.3774493362137,2411.786943179205,2170.507092986554,692.8117217534267,1010.4655309231423
2009-05-04,1807.0088225197471,2272.9589762680866,2170.0859112640005,732.5612321381071,1010.4715455989215
2009-05-05,1812.159476922633,2279.4377637608723,2170.0988284420437,730.4818781885436,1010.4775603105026
2009-05-06,1811.8078316999572,2154.070172014885,2170.1117456969746,770.6666021905745,1010.4835750578853
2009-05-07,1826.2461717184347,2171.666822125888,2170.1246630287947,764.3801832732893,1010.4895898410701
2009-05-08,1775.7795470464598,2111.654817105951,2170.137580437503,785.5122222490864,1010.4956046600573
2009-05-11,1790.9413837376815,2129.6844005294356,2170.1504979231004,778.814768248748,1010.5016195148469
2009-05-12,1702.8918256910883,2129.2711403529497,2170.1634154855883,817.1135665755934,1010.5076344054391
2009-05-13,1751.2854115150956,2189.3559218273713,2231.402114546536,793.9021736502325,1010.5136493318342
2009-05-14,1748.106104089066,2192.4808297843592,2234.587035807381,795.3528857080676,1010.5196642940326
2009-05-15,1747.7668882705573,2164.754062630045,2206.32778100059,785.2946154404112,1010.5256792920343
2009-05-18,1744.619099830423,2161.2882167415523,2202.7953741556494,784.0373316569542,1010.5316943258396
2009-05-19,1789.328092140248,2105.0625470804907,2259.2459549459295,804.1296936579698,1010.5377093954486
2009-05-20,1788.9808772933136,1986.7261030225511,2386.276740915451,849.3435527938288,1010.5437245008617
2009-05-21,1752.9442073549112,1947.103459796725,2337.731075817811,866.2927053362017,1010.5497396420791
2009-05-22,1722.4846198605535,1980.1811457147096,2297.1100885990572,881.355932203389,1010.5557548191007
2009-05-26,1722.1503758299261,1970.294363585412,2308.606601502607,876.9554389612896,1010.5617700319269
2009-05-27,1722.1606267250202,1936.4511506044873,2348.2883956347023,861.8922120941022,1010.5677852805582
2009-05-28,1799.9842286889295,1936.0753868790941,2241.7286829476143,901.0130805870541,1010.5738005649943
2009-05-29,1845.9679948570629,1886.2507665702599,2184.486464207844,924.0310452380368,1010.5798158852357
2009-06-01,1817.131538468486,1856.0305410973792,2149.4881094499283,909.596460262578,1010.587034312492
2009-06-02,1868.959878069582,1908.968360488856,2210.795943993916,935.5400275635282,1010.5942527913086
2009-06-03,1868.5994358168257,2016.6731729823475,2085.2091558927364,882.3956091781707,1010.6014713216855
2009-06-04,1920.0416531499784,2071.7885005855105,2143.0316422523883,906.8642858869887,1010.6086899036235
2009-06-05,1828.8182991452888,1973.3554819571411,2041.213781257697,863.7781377692877,1010.6159085371229
2009-06-08,1828.4655984825508,1972.5943305939768,2040.8201186101965,863.7781377692877,1010.6231272221839
2009-06-09,1828.4786589511116,1980.7392737978373,2040.834695896758,860.2238932275918,1010.6303459588071
2009-06-10,1828.491719512961,1969.8144659612885,2040.849273287443,855.8233999854922,1010.6375647469926
2009-06-11,1828.5047801681005,1970.2596720835509,2040.863850782252,856.0168282598704,1010.6447835867407
2009-06-12,1828.5178409165303,1904.3135182796907,2040.8784283811863,827.3652651176279,1010.652002478052
2009-06-15,1828.5309017582513,1903.9462578250723,2040.893006084246,794.9176720907172,1010.6592214209269
2009-06-16,1844.572308003629,1920.6492708076644,2040.9075838914323,802.0503397084061,1010.6664404153656
2009-06-17,1840.679866749791,1916.5962909253321,2040.922161802746,800.3578423075985,1010.6736594613685
2009-06-18,1789.18842993568,1862.9811574113216,2040.9367398181876,777.9685195483444,1010.6808785589361
2009-06-19,1843.1265450103897,1919.143879218147,2102.0560473563264,801.4216978166777,1010.6880977080685
2009-06-22,1964.193427659342,2045.204006473516,2240.1308710822113,748.4707077056983,1010.6953169087665
2009-06-23,1884.019249888027,2127.895999920471,2330.7041765938,779.0323750574233,1010.70253616103
2009-06-24,1830.4258759643847,2066.5140782190915,2263.471989831803,801.2040910080024,1010.7097554648597
2009-06-25,1748.6995938261855,1974.2467458912458,2162.4107270502973,836.9883217679335,1010.7169748202558
2009-06-26,1784.9947985305462,2015.2233035756085,2207.2927298083973,819.6281341425074,1010.7241942272187
2009-06-29,1785.9681112765245,2013.3471526812264,2205.237764375115,819.1929205251569,1010.7314136857489
2009-06-30,1785.623674578373,1943.4050111908155,2128.629489676677,790.7347856572927,1010.7386331958465
2009-07-01,1785.6385547756615,2026.7175674780513,2219.8825034088445,824.6330907420385,1010.7470560177898
2009-07-02,1785.6534350969514,2088.633062702864,2287.6991181878275,799.1247370584389,1010.7554789099233
2009-07-06,1785.6683155422438,2167.471098342861,2374.051148055574,768.9741047897669,1010.7639018722476
2009-07-07,1776.5524012276205,2155.9725707544576,2361.456704400446,765.2022534393957,1010.7723249047633
2009-07-08,1705.149007312742,2069.3194787134476,2266.5447709496116,734.4471578132926,1010.7807480074708
2009-07-09,1689.3951206437919,2087.644699914559,2286.6165552811917,740.9511835392532,1010.7891711803709
2009-07-10,1702.8193615755893,2087.24456802429,2268.484794470334,735.0757997050213,1010.7975944234641
2009-07-13,1738.4887974563842,2131.3841149825544,2316.9107755759546,750.7676684639371,1010.8060177367511
2009-07-14,1779.6960928197382,2181.904184417198,2316.466701022342,768.5630697067137,1010.8144411202322
2009-07-15,1779.3549844109396,2275.1878485803263,2316.4860049115173,801.4216978166777,1010.8228645739083
2009-07-16,1779.3698123691431,2279.306332489892,2316.5053089615585,802.8724098745128,1010.8312880977799
2009-07-17,1764.6290175469182,2297.770868551412,2316.524613172466,809.3764356004732,1010.8397116918475
2009-07-20,1693.9678392668397,2204.8419424916883,2316.543917544243,841.7998500930868,1010.8481353561116
2009-07-21,1671.833456083064,2232.8065181437837,2316.5632220768894,831.1371164679991,1010.8565590905729
2009-07-22,1669.304428041269,2228.5357682096756,2312.595581076861,829.8798326845422,1010.8649828952321
2009-07-23,1681.9009332515639,2245.352211001072,2330.046335892458,836.1420730675301,1010.8734067700896
2009-07-24,1681.0741356454323,2244.2484290860525,2328.900919599141,835.7310379844768,1010.881830715146
2009-07-27,1680.7519297779272,2236.976454087346,2321.3546475187877,833.0230421431847,1010.8902547304019
2009-07-28,1614.1184482386939,2148.73882222237,2229.7887142066365,800.1644140332209,1010.898678815858
2009-07-29,1570.222074248903,2090.3033071276886,2229.3613380476795,778.403733165695,1010.9071029715149
2009-07-30,1569.921115025939,2143.090054966214,2229.37991605883,798.0608815493598,1010.9155271973731
2009-07-31,1504.5667318414996,2053.446554648451,2229.398494224797,831.1371164679991,1010.9239514934332
2009-08-03,1466.7254664839857,2001.8004466178568,2229.4126491358716,852.0515486351212,1010.9303700582044
2009-08-04,1451.552412247446,1981.0921222304216,2229.4268041368186,860.8767136536177,1010.9367886637286
2009-08-05,1459.0314287950312,1970.1174117554062,2229.4409592276384,856.4520418772208,1010.9432073100057
2009-08-06,1457.006166882466,1968.17076526255,2229.455114408332,855.6057931768171,1010.9496259970363
2009-08-07,1424.9320211044178,2010.7352780694775,2229.4692696788998,836.7707149592585,1010.9560447248202
2009-08-10,1424.656081894832,1966.7043615001373,2229.4834250393415,818.7818854421039,1010.9624634933581
2009-08-11,1424.6651273302723,1933.0199594937067,2229.4975804896594,804.7583355496985,1010.96888230265
2009-08-12,1434.3961669867933,1946.609872718482,2244.725951672239,810.4161125752553,1010.9753011526963
2009-08-13,1476.5918420088835,1946.2329101815367,2310.7591222497826,834.2561473923446,1010.9817200434971
2009-08-14,1501.1833010588186,1979.035112445958,2271.3803135706826,820.039169225561,1010.9881389750531
2009-08-17,1573.6146716862145,2074.5226026232726,2161.81615128936,780.4830871152586,1010.9945579473638
2009-08-18,1597.8959154810566,2041.7087654451298,2196.03820900145,792.8383181411536,1011.00097696043
2009-08-19,1611.39404501801,2041.3133869326132,2195.612944470485,799.5357721414922,1011.0073960142519
2009-08-20,1611.0819972904496,2041.32634765253,2195.626884870132,808.1191518170165,1011.0138151088297
2009-08-21,1581.6175482667095,2003.9933278482115,2155.4719228426184,822.7471650668532,1011.0202342441637
2009-08-24,1597.7196723166055,1982.8149322659158,2132.692686797203,814.3813922000045,1011.0266534202541
2009-08-25,1584.6003504710925,1965.7403593627357,2114.3274747099686,821.0788462003432,1011.0330726371011
2009-08-26,1601.1855399445903,1986.3147435006922,2136.457043068742,812.4954665248189,1011.039491894705
2009-08-27,1631.8978849790874,2024.414253037615,2177.4364325406077,828.40494209241,1011.0459111930661
2009-08-28,1656.2367970689938,1993.4371031679361,2209.911769631718,840.7601731183053,1011.0523305321846
2009-08-31,1655.9160655071357,2027.228111240749,2172.4793340879323,826.5190164172244,1011.0587499120609
2009-09-01,1655.9265792599324,2069.8337102490873,2126.848624042116,809.1588287917982,1011.0651693326951
2009-09-02,1818.733790950683,2272.921440492095,2336.381275713521,888.8754563698342,1011.0715887940876
2009-09-03,1914.2144687492887,2152.716317335962,2212.8200324679015,935.5400275635284,1011.0780082962385
2009-09-04,1898.6810057453367,2136.108547169184,2195.7485743181583,942.7694093184062,1011.0844278391482
2009-09-08,1893.8843982083665,2130.7121302217693,2190.201489721538,945.163084213834,1011.0908474228169
2009-09-09,1893.5176460011396,2185.8452188355036,2246.873890982135,920.7185860393134,1011.0972670472449
2009-09-10,1958.924758715953,2260.9129315728132,2324.0374899194217,952.7067869145764,1011.1036867124324
2009-09-11,1984.5280435441414,2230.4869842790386,2292.762051936122,965.1587320776607,1011.1101064183796
2009-09-14,1952.9092307812325,2194.0571977905665,2255.3151479148905,949.7811842646091,1011.116526165087
2009-09-15,2016.1468563868193,2265.103493974859,2328.3450525814765,980.5362798907123,1011.1229459525546
2009-09-16,2015.75642795815,2318.72334232103,2272.3263710166757,1003.7476728160731,1011.1293657807827
2009-09-17,2015.7692264116606,2261.2495657736927,2328.678969157178,978.8679610242018,1011.1357856497718
2009-09-18,2015.7820249464314,2220.1410169191486,2285.4131126165785,961.0725597814253,1011.1422055595218
2009-09-21,2015.7948235624629,2181.9368731333857,2246.085767867355,944.5344423221055,1011.1486255100333
2009-09-22,2015.807622259755,2236.059409765023,2301.799505852188,967.9634420561417,1011.1550455013063
2009-09-23,1951.809387965726,2165.5157919900844,2229.1819073097404,937.4259532387138,1011.1614655333412
2009-09-24,1904.739624087321,2113.292292281351,2175.4230378904053,914.8190236707842,1011.1678856061382
2009-09-25,1929.2735959304039,2140.5125238234327,2203.443543624343,902.6813994535643,1011.1743057196974
2009-09-28,1932.3986576058858,2143.979752975483,2207.0127092350644,901.2306873957292,1011.1807258740193
2009-09-29,1932.0244470819541,2212.3180548588807,2277.3601556486256,930.317464155322,1011.1871460691042
2009-09-30,1898.672996780791,2173.6855909524834,2237.591898176905,946.202761188616,1011.1935663049522
2009-10-01,1991.0723946409578,2067.059040632603,2127.830529688571,900.1668318866502,1011.1995853142754
2009-10-02,1982.8956815012705,2059.3970972187863,2119.943325311634,896.8301941536297,1011.2056043594262
2009-10-05,2061.105980572871,2140.6248009166034,2203.5591216615135,932.2033898305077,1011.2116234404045
2009-10-06,2060.7060278751496,2282.8149154845855,2349.929622382709,994.1246161657673,1011.2176425572106
2009-10-07,2060.718293982458,2305.4120963957153,2373.1911599016776,1003.9652796247485,1011.2236617098449
2009-10-08,2032.836572412481,2273.758559785135,2404.854284986998,1017.3601876254253,1011.2296808983075
2009-10-09,2044.9871592841741,2259.2855095691993,2390.5087184134127,1011.2913755168154,1011.2357001225985
2009-10-12,2048.3851023881916,2262.135815773087,2393.524575329983,1009.6230566503051,1011.2417193827181
2009-10-13,2008.9202993914248,2304.840881652863,2438.7100252758332,1029.0867767595919,1011.2477386786669
2009-10-14,2008.5304732006214,2306.7623164370575,2435.730538442852,1027.8294929761348,1011.2537580104448
2009-10-15,2008.542428739152,2259.769482500252,2387.084683966012,1007.3019173577691,1011.259777378052
2009-10-16,2002.2828197561419,2252.274971911246,2394.075018337101,1010.2516985420338,1011.2657967814889
2009-10-19,1991.5244332178995,2240.1733624387234,2406.967028917563,1015.6918687589153,1011.2718162207555
2009-10-20,1947.064854983895,2190.1628472756493,2354.1957312252853,993.4234386711472,1011.2778356958521
2009-10-21,1942.7050825842475,2185.2587417406726,2348.924331278801,991.1990135158001,1011.2838552067789
2009-10-22,1942.3281052982757,2169.107177180373,2331.563090589432,983.8729176237331,1011.289874753536
2009-10-23,1942.339666775093,2151.1432256753264,2312.2537237075467,975.7247515655595,1011.2958943361236
2009-10-26,1942.3512283207285,2242.5801871200683,2410.538882994759,933.8717086970183,1011.3019139545423
2009-10-27,1942.3627899351827,2264.2058868468985,2433.7842457973434,924.877293938441,1011.307933608792
2009-10-28,1942.374351618456,2391.3176995948934,2570.4161347602444,872.9659808022432,1011.3139532988731
2009-10-29,2038.391771405522,2509.0494797538076,2696.965470863007,916.2939142629168,1011.3199730247854
2009-10-30,1973.6851916903236,2429.4023714557197,2611.353169205605,887.2071375033241,1011.3259927865297
2009-11-02,1998.3199501642102,2459.725211647596,2643.9470473398906,898.2809062114651,1011.3308086245904
2009-11-03,2149.624693466986,2645.965704173892,2844.136075764003,966.2951231896318,1011.3356244855838
2009-11-04,2128.2922082330483,2619.7076208510957,2815.9113856476592,975.5071447568841,1011.3404403695099
2009-11-05,2126.940951402802,2618.044363427031,2814.1235580746857,976.1357866486128,1011.3452562763688
2009-11-06,2082.7596946521116,2563.661805167019,2755.668002284355,996.4215769240062,1011.3500722061603
2009-11-09,2004.8990426146368,2467.8233941076887,2652.651745532515,1033.68069827607,1011.3548881588852
2009-11-10,1993.5692976342532,2453.8776496499518,2637.661530484351,1039.5319035760047,1011.359704134543
2009-11-11,1984.7318913876413,2442.9997164398187,2625.9688913001437,1044.1500036267796,1011.3645201331341
2009-11-12,1927.9141919629938,2373.063003987372,2550.7942484117025,1014.6763703184307,1011.3693361546585
2009-11-13,1980.3316271745061,2307.61593875927,2620.146967952545,1042.264077951594,1011.3741521991165
2009-11-16,1979.9449910096826,2237.6712265517153,2699.5895676840487,1073.865422278101,1011.3789682665077
2009-11-17,1979.9544193191634,2246.8021993397892,2711.6852655811563,1078.6769506032538,1011.3837843568327
2009-11-18,1979.963847673541,2221.520448744106,2681.172499215449,1066.539326386034,1011.3886004700917
2009-11-19,1985.7621153288965,2228.4704118682484,2689.560470620145,1069.8759641190545,1011.3934166062843
2009-11-20,1972.5682785883816,2242.406691323676,2706.3802884338397,1062.7674750356625,1011.398232765411
2009-11-23,2007.123563956148,2280.7920221809,2752.7078806582813,1081.384946444546,1011.4030489474717
2009-11-24,1997.0262406154854,2269.317943088644,2738.859714041867,1075.9447762276645,1011.4078651524665
2009-11-25,1996.6363450262172,2332.8588454619544,2815.5477859950042,1106.0712299620393,1011.4126813803956
2009-11-27,1996.6458528183362,2240.5562529315507,2704.146978120957,1062.308082884015,1011.4174976312593
2009-11-30,1996.6553606557304,2254.3251483334707,2720.764778653503,1068.836287144273,1011.4223139050575
2009-12-01,1996.6648685384,2368.6069761145004,2858.692518179734,1123.0203825044123,1011.4271302017903
2009-12-02,1954.5861680178216,2318.216063525812,2797.8752841454757,1146.4735607727457,1011.4319465214578
2009-12-03,2002.7923787089405,2260.1363952324436,2727.7784234662195,1118.208854179259,1011.4367628640604
2009-12-04,1898.9241936760648,2143.8259692128477,2587.4023509470267,1060.6639425518024,1011.4415792295977
2009-12-07,1862.9957916569745,2183.5508988200727,2635.346716643221,1040.595759085084,1011.4463956180701
2009-12-08,1862.6320639165874,2271.394703025745,2741.3661738108844,998.7427162165429,1011.4512120294778
2009-12-09,1862.6409335930823,2218.627728267797,2677.6812495205013,1021.9541091419038,1011.4560284638208
2009-12-10,1866.869263154027,2224.1078988937375,2684.295315477709,1019.4395415749896,1011.4608449210991
2009-12-11,1902.884591651324,2267.015015194297,2736.0802901830903,999.7823931913247,1011.4656614013129
2009-12-14,1902.5130760978063,2234.799486940726,2697.1990867937616,1013.9993713581082,1011.4704779044623
2009-12-15,1902.5221356838829,2234.363168956948,2752.277527459295,993.3025459996613,1011.4752944305476
2009-12-16,1929.3721217389857,2265.8963736452415,2790.569516279866,1007.519524166445,1011.4801109795686
2009-12-17,1810.470570228348,2126.2558183821575,2618.594892335935,945.4290480911045,1011.4849275515256
2009-12-18,1810.1170974118793,2073.332243828862,2553.4167511116734,968.5920839478711,1011.4897441464186
2009-12-21,1810.1257170171048,2113.6179030559115,2603.0306407360204,949.7811842646098,1011.4945607642478
2009-12-22,1805.034662047671,2108.095986859999,2596.230113056559,952.2715732972267,1011.4993774050134
2009-12-23,1746.9387635355765,2040.2459155669428,2512.6692129068238,982.9299547861408,1011.5041940687153
2009-12-24,1740.251776443111,2032.4361981414509,2503.0511387389934,986.7018061365118,1011.5090107553538
2009-12-28,1747.3045808237578,2023.4056260052905,2491.9295183459144,982.7123479774655,1011.5138274649287
2009-12-29,1746.9634404144251,2002.6956390632754,2466.4240897150503,972.6540777098091,1011.5186441974404
2009-12-30,1746.9717592879508,2023.5197272018772,2492.070039918158,962.1605938248023,1011.523460952889
2009-12-31,1746.9800782010902,2008.9959360285593,2474.183233892746,969.075654633816,1011.5282777312744
2010-01-04,1746.9883971538436,1942.0485401373817,2391.734025561258,1001.3781764549432,1011.5330945325969
2010-01-05,1746.9967161462107,1960.8253761333033,2414.8586780175,1011.4606252568967,1011.5379113568565
2010-01-06,1705.7379690779956,1914.1244822967165,2357.344092514304,1035.1555888682026,1011.5427282040534
2010-01-07,1713.005383275152,1922.2797415979371,2367.3877195168634,1030.755095626103,1011.5475450741877
2010-01-08,1712.670939375644,1894.9277367827035,2333.702299594619,1045.431465944534,1011.5523619672595
2010-01-11,1712.6790949515455,1883.156719695287,2319.2056783714206,1051.9354916704947,1011.5571788832689
2010-01-12,1650.5325675098513,1814.4475851948825,2234.586797094716,1013.9751928238107,1011.561995822216
2010-01-13,1667.9285524211232,1833.5711719908486,2258.1384912390095,1024.6621049831958,1011.5668127841006
2010-01-14,1667.6029092359822,1821.9326093456643,2243.8049945669104,1018.1580792572354,1011.5716297689235
2010-01-15,1628.4602987739852,1779.531899301146,2191.586309593023,994.4631156459295,1011.5764467766842
2010-01-19,1639.7838979879384,1791.9059842151607,2206.8256402855195,1001.3781764549432,1011.5812638073829
2010-01-20,1639.4637497113781,1714.9789822906025,2112.086026838799,958.3887424744312,1011.5860808610199
2010-01-21,1569.5254465269238,1642.1622507098803,2022.4084256087838,917.6962692521579,1011.5908979375954
2010-01-22,1571.6757645528887,1644.4120843121798,2025.1792129847215,918.9535530356148,1011.5957150371094
2010-01-25,1571.3689135782263,1667.4364991520576,2053.534980234122,905.7278947750187,1011.6005321595618
2010-01-26,1566.7759524786156,1662.2292541748184,2047.1219865657893,903.261684276699,1011.605349304953
2010-01-27,1550.3356673714138,1644.787371173657,2025.6413983201496,893.7836988321768,1011.610166473283
2010-01-28,1565.3737318360409,1628.1908861284724,2005.2019617319795,884.7651055393023,1011.6149836645518
2010-01-29,1619.9305322293112,1627.8730012494073,1935.335254021802,853.9374743103073,1011.6198008787596
2010-02-01,1708.4021349269215,1717.1039515107855,2041.806642507881,900.9163664498659,1011.6242166794777
2010-02-02,1710.7863143261186,1714.0357771725226,2044.6561082365217,902.1736502333231,1011.6286324994712
2010-02-03,1710.4516247899357,1695.388916477082,2023.230317866048,892.7198433230978,1011.6330483387401
2010-02-04,1710.459091047028,1602.6343122665885,1912.5395344496442,843.879204042651,1011.6374641972845
2010-02-05,1617.5077957125031,1515.222001028152,1808.2240959484636,889.5766338644553,1011.6418800751044
2010-02-08,1678.8950678353362,1572.7273469375646,1876.8493878520226,855.8233999854931,1011.6462959721999
2010-02-09,1750.6044001373873,1639.9020203895986,1957.013788244187,892.7198433230978,1011.6507118885711
2010-02-10,1742.8759856950624,1646.500071843068,1964.887720655659,888.778742232646,1011.6551278242183
2010-02-11,1742.5350182987302,1580.1330641161544,1885.6871662376445,924.6113300611718,1011.6595437791414
2010-02-12,1742.5426246023817,1591.3446846768359,1899.066804626408,918.0589472666168,1011.6639597533404
2010-02-16,1742.550230939235,1548.7355182519227,1848.2182019889553,942.6485166469209,1011.6683757468154
2010-02-17,1730.983106549141,1538.1451977954855,1835.5800059885332,936.5797045383108,1011.6727917595667
2010-02-18,1746.4893833286997,1551.9240180935726,1852.0232696554012,944.9696559394571,1011.6772077915944
2010-02-19,1746.1477090256262,1550.2959730388784,1850.0804056426095,943.9783360332699,1011.681623842898
2010-02-22,1746.1553310989593,1549.992681017065,1810.8914171526922,923.9826881694433,1011.6860399134783
2010-02-23,1682.2929298589752,1493.304565847006,1745.0235909806909,890.3745254962646,1011.690456003335
2010-02-24,1674.0699094423323,1486.0053174727911,1736.4939441151114,886.0223893227594,1011.6948721124684
2010-02-25,1673.7424029169194,1528.908677623528,1786.6293132204164,911.6032786092509,1011.6992882408784
2010-02-26,1673.7497089353449,1512.1304604862214,1767.0228743272294,921.2505137938537,1011.7037043885653
2010-03-01,1673.7583433584466,1486.6674051599628,1737.2676366757826,936.7731328126889,1011.708923494977
2010-03-02,1634.430852247905,1452.0332324064427,1696.7953513220493,958.6063492831064,1011.7141426283125
2010-03-03,1610.1664392740029,1430.4766557213643,1671.6050882527675,972.8475059841873,1011.7193617885722
2010-03-04,1609.8527124084542,1454.8446432651526,1700.0806679175998,956.2852099905706,1011.7245809757562
2010-03-05,1609.861017204193,1481.078253607926,1668.762495973381,973.9113614932666,1011.7298001898645
2010-03-08,1626.5415280163254,1496.12817041733,1686.3870640440873,963.6354844169348,1011.7350194308974
2010-03-09,1638.9649993283958,1507.5555487438019,1686.0584862556054,956.2852099905707,1011.7402386988548
2010-03-10,1638.645661314982,1530.0599844369879,1686.0671841763678,942.0198747551925,1011.7454579937371
2010-03-11,1638.6541146457746,1529.7618656144173,1686.0758821420009,950.6274329650139,1011.7506773155443
2010-03-12,1638.6625680201757,1529.769757243089,1686.084580152504,944.9696559394571,1011.7558966642765
2010-03-15,1638.6710214381856,1529.7776489124717,1686.0932782078778,941.6088396721393,1011.761116039934
2010-03-16,1684.2920542102797,1572.3670615169622,1686.1019763081229,968.0117991247372,1011.7663354425168
2010-03-17,1687.6155397262798,1575.4696939504076,1686.1106744532387,969.92190333422,1011.7715548720251
2010-03-18,1696.8021543282593,1584.045837363835,1695.626318812333,964.2641263086633,1011.7767743284592
2010-03-19,1724.0920499695799,1557.9521426973554,1667.6945794725368,948.7656858241255,1011.7819938118189
2010-03-22,1725.5158255904175,1558.6155371750363,1668.4047035797926,947.9919727266133,1011.7872133221044
2010-03-23,1722.2769418675932,1555.6899340489276,1665.2730204289535,949.7811842646099,1011.7924328593162
2010-03-24,1721.941371249923,1493.9204339638566,1599.1524653455022,912.4495273096545,1011.797652423454
2010-03-25,1692.7139256059688,1468.8620950480495,1572.3290124067457,897.1445150994947,1011.8028720145182
2010-03-26,1729.985109225601,1501.2043757065223,1606.949489290285,916.8983776203486,1011.808091632509
2010-03-29,1729.6480367388538,1522.422812477087,1629.6625566672371,929.8580720036751,1011.8133112774261
2010-03-30,1748.4343226770002,1538.6538704693103,1611.6531284969249,919.5821949273436,1011.8185309492702
2010-03-31,1729.32821530764,1521.8401499467925,1629.281180390971,929.6404651949999,1011.823750648041
2010-04-01,1728.9933295350002,1450.7724551514307,1705.386902435583,973.0651127928626,1011.8301749258227
2010-04-05,1708.8641472096037,1434.1725131824176,1685.1914710489852,984.2114171038953,1011.8365992443936
2010-04-06,1713.293814882337,1437.8901332338069,1689.5597751027983,981.6726710026837,1011.8430236037539
2010-04-07,1712.9620341839843,1393.993617702916,1637.9801827584447,1011.6540535312748,1011.8494480039037
2010-04-08,1713.3371702205616,1394.5776988660311,1638.6664939137868,1011.2430184482215,1011.8558724448434
2010-04-09,1695.9486296470538,1380.4242261455863,1622.0357808754422,1021.5188955245532,1011.8622969265731
2010-04-12,1695.6202078575004,1395.1775199160331,1639.3712998616961,1010.614376556493,1011.8687214490931
2010-04-13,1695.63097370009,1394.9073426890668,1654.6884185272113,1001.1847481805652,1011.8751460124038
2010-04-14,1695.641739611034,1394.9161992436234,1642.401566387098,1008.6317367441185,1011.8815706165054
2010-04-15,1695.6525055903328,1394.9250558544122,1642.083514028572,999.2746439710824,1011.8879952613981
2010-04-16,1656.5417729609699,1362.7506918749675,1604.2083662252799,976.4259290601802,1011.8944199470823
2010-04-19,1658.305622368967,1360.771869245273,1601.878927805796,977.465606034962,1011.900844673558
2010-04-20,1657.9844901774584,1364.289786480891,1606.0201638328365,974.9510384680478,1011.9072694408258
2010-04-21,1657.9950170631103,1376.3641656428367,1620.2339302862724,983.9696317609224,1011.9136942488856
2010-04-22,1658.0055440155993,1389.283644738563,1635.4425348947361,993.2058318624723,1011.9201190977378
2010-04-23,1631.419093986562,1366.7283477756353,1608.8907992718098,1008.9460576899827,1011.9265439873828
2010-04-26,1630.4233255961965,1365.8941385329285,1607.9087814645093,1009.5746995817112,1011.9329689178207
2010-04-27,1630.1075928334456,1360.252288003824,1601.2672850604022,1013.7575860151355,1011.9393938890518
2010-04-28,1677.3302654796396,1320.5922909346682,1554.5801694477339,1043.3279334606736,1011.9458189010763
2010-04-29,1695.910688969376,1305.9803587102087,1537.3792360261239,1054.8852728547593,1011.9522439538946
2010-04-30,1695.5822745270648,1300.3095267300514,1530.7036231203547,1059.479194371237,1011.9586690475069
2010-05-03,1677.1338337503748,1314.2178605088845,1547.0762916805588,1048.1636403201237,1011.966700465515
2010-05-04,1665.7210752648957,1304.749028657833,1535.929733939364,1041.0309727024346,1011.9747319472647
2010-05-05,1665.4011510667926,1314.763166724924,1547.7182174554937,1032.641021301289,1011.9827634927562
2010-05-06,1689.7513683577984,1333.723671142834,1524.8036935260625,1047.9460335114486,1011.9907951019902
2010-05-07,1662.3828684445602,1312.1216669299708,1549.5247785227505,1030.9727024347785,1011.9988267749671
2010-05-10,1697.9385257531671,1340.185808604032,1516.4075672562653,1053.0235257138713,1012.0068585116875
2010-05-11,1796.0674561773492,1417.6391427343979,1428.7939221855427,1113.880896540052,1012.0148903121517
2010-05-12,1783.9934908454993,1408.1091410612546,1419.7604503804212,1120.941028554849,1012.0229221763603
2010-05-13,1809.72676779149,1387.256928086154,1398.7356970984101,1104.7897676442856,1012.030954104314
2010-05-14,1809.3791853579307,1397.5490972716177,1409.1130281816618,1112.9862907710535,1012.0389860960131
2010-05-17,1809.3935455101953,1428.1012926084097,1439.918025711031,1088.2274716506688,1012.0470181514582
2010-05-18,1796.1269537621747,1417.3447408087843,1429.0724695092817,1080.4661621412513,1012.0550502706498
2010-05-19,1722.894394771904,1359.5560738532454,1370.805633913112,1036.41287265166,1012.0630824535883
2010-05-20,1640.176172573851,1294.282159358565,1304.9916145742309,986.6534490679179,1012.0711147002743
2010-05-21,1646.5267455565477,1299.2934706132032,1310.044391604369,990.4736574868836,1012.0791470107084
2010-05-24,1646.2105078883392,1308.935487144951,1319.766190387219,997.8239319132476,1012.0871793848909
2010-05-25,1646.2235730511,1346.6154739651538,1357.7579578562243,1026.5480306583815,1012.0952118228223
2010-05-26,1645.8816849705559,1346.066485473776,1357.204426794573,1026.572209192679,1012.1032443245035
2010-05-27,1604.584386094427,1379.3239739206513,1323.150413458649,1052.3465267535485,1012.1112768899345
2010-05-28,1615.632986400848,1369.8483311362306,1332.261159013866,1045.1171449986707,1012.1193095191161
2010-06-01,1618.0881546643711,1367.7884088272717,1334.2857062618284,1043.5455402693492,1012.1273422120487
2010-06-02,1617.777379011095,1367.525706615979,1310.440606747868,1062.211368746827,1012.1353749687328
2010-06-03,1644.3246212979539,1367.536559994603,1310.188918955415,1044.5852172441312,1012.1434077891689
2010-06-04,1675.0274267719267,1367.5474134593649,1310.1993172801685,1025.097318600547,1012.1514406733576
2010-06-07,1719.238687320955,1403.91644786601,1345.0432163514172,1052.564133562224,1012.1594736212993
2010-06-08,1737.405360399795,1388.5424065839902,1330.313885438798,1063.6862593389594,1012.1675066329947
2010-06-09,1756.9582728677885,1404.724602052312,1345.8174805946376,1051.3068497787667,1012.175539708444
2010-06-10,1739.4089016545736,1390.6935155578597,1332.3747876650905,1061.8245121980708,1012.1835728476478
2010-06-11,1732.940859002854,1385.5221812237985,1327.4203132189175,1065.78979182282,1012.1916060506069
2010-06-14,1763.003911533862,1360.9539312986133,1303.882332771629,1047.3173916197204,1012.1996393173214
2010-06-15,1762.6653028549988,1395.0437600939986,1336.542604711253,1073.5511013322375,1012.207672647792
2010-06-16,1746.6994321783734,1407.4229234473348,1348.4026478910448,1083.0774438453543,1012.2157060420192
2010-06-17,1701.5340620987486,1370.4674448658805,1312.996897179483,1111.1003650958683,1012.2237395000036
2010-06-18,1701.2072595335137,1342.5454284206178,1286.2457903998454,1133.7556517323924,1012.2317730217457
2010-06-21,1701.2207611784304,1382.4499956212821,1324.4769597092995,1100.074953456322,1012.2398066072458
2010-06-22,1694.2248987958485,1387.8804431577055,1329.679681446566,1095.7711743514114,1012.2478402565044
2010-06-23,1698.7856982133935,1391.0614208629631,1326.1213321595171,1098.7209555356758,1012.2558739695222
2010-06-24,1698.45942350851,1397.445343781494,1332.7376772916955,1093.256606784497,1012.2639077462997
2010-06-25,1698.4729033452047,1348.3888117177326,1285.9526714311255,1131.6521192485313,1012.2719415868371
2010-06-28,1716.41356396719,1362.9012750033405,1299.7931459062877,1119.4903164970142,1012.2799754911354
2010-06-29,1761.5559309297187,1398.7461266064097,1333.9782283361085,1090.06504025726,1012.2880094591947
2010-06-30,1761.5936908728438,1398.7761095171195,1333.4372167415,1090.5244324089076,1012.2960434910156
2010-07-01,1680.6282654956108,1334.48631142046,1394.742992759368,1040.4023308107064,1012.3032741770406
2010-07-02,1680.3041443386137,1333.679975277598,1395.605662673163,1039.773688918978,1012.3105049147132
2010-07-06,1657.5791367895204,1315.9095670034205,1376.451892737355,1025.9193887666531,1012.317735704034
2010-07-07,1698.246099466929,1348.194025742339,1410.2216938327138,1051.0892429700914,1012.3249665450033
2010-07-08,1722.3193867515904,1328.5628423069786,1389.6873195308317,1035.7842307599315,1012.3321974376216
2010-07-09,1683.9889247897545,1358.1491760558988,1420.6348603869994,1058.8505524795087,1012.339428381889
2010-07-12,1683.6641555056249,1349.5585949116607,1411.6490440572138,1052.1530984791702,1012.3466593778058
2010-07-13,1683.6761816781643,1354.6757281265172,1417.0016061751544,1056.1425566382168,1012.3538904253728
2010-07-14,1683.6882079366048,1353.2491334359736,1415.5093767612143,1055.0303440605433,1012.3611215245902
2010-07-15,1683.7002342809474,1348.4731425929936,1410.5136522826042,1051.3068497787667,1012.3683526754584
2010-07-16,1683.7122607111921,1307.5670890178308,1367.7255942884926,1019.4153630406928,1012.3755838779775
2010-07-19,1648.393025210041,1307.3149153715553,1339.3083563826967,998.2349669963011,1012.3828151321482
2010-07-20,1682.3302926612628,1333.9685727387541,1366.8821601995528,1018.7867211489645,1012.3900464379705
2010-07-21,1695.5357836779142,1322.9830241268687,1355.6255603631998,1010.3967697478184,1012.3972777954451
2010-07-22,1661.7620858106393,1296.1010828087371,1382.64788830142,1030.5374888174283,1012.4045092045722
2010-07-23,1659.7584303578199,1297.1639208998915,1384.3347563053553,1031.7947726008854,1012.4117406653521
2010-07-26,1673.6283702198643,1286.3425697886394,1372.7861985539976,1023.1872143910641,1012.4189721777855
2010-07-27,1673.305599042635,1242.8443846801847,1326.3648877916203,988.5877318116981,1012.4262037418725
2010-07-28,1681.8516898190567,1249.440545533374,1333.4043178745324,993.8344737542016,1012.4334353576137
2010-07-29,1689.6668337887293,1243.152781152891,1339.6003140952773,998.4525738049764,1012.440667025009
2010-07-30,1689.3409694793213,1223.4522915777318,1360.8483640704071,1014.2895137696759,1012.4478987440592
2010-08-02,1689.353036200532,1232.4524467128497,1350.8569146953025,1006.8425252061226,1012.4551305147646
2010-08-03,1701.3479865548923,1240.9567657363884,1360.7186051791891,1014.1927996324869,1012.4623623371253
2010-08-04,1743.8958833480697,1271.9910402120433,1394.747925009846,1039.5560821103031,1012.4695942111422
2010-08-05,1739.6944798633726,1268.9265524522634,1391.3876906928979,1041.6596145941642,1012.4768261368151
2010-08-06,1722.5574045840092,1256.4268347690384,1377.6816544467772,1051.9354916704958,1012.4840581141448
2010-08-09,1722.2251970932568,1256.9357221073426,1378.2396533136914,1051.5244565874425,1012.4912901431313
2010-08-10,1716.0840839680286,1256.6933130815723,1373.6007721265944,1055.0787011291382,1012.4985222237752
2010-08-11,1756.339459994539,1256.7022894623801,1405.82227928282,1030.3440605430505,1012.505754356077
2010-08-12,1798.1708881061545,1256.7112659073048,1405.5511564217754,1055.2963079378135,1012.5129865400366
2010-08-13,1778.5189731779724,1270.2122685578765,1420.6511641985533,1043.7631470780248,1012.5202187756548
2010-08-16,1812.0961458339432,1293.684888286924,1446.9037877720298,1063.4686525302845,1012.5274510629318
2010-08-17,1831.7480610489758,1279.156073568025,1462.5952457705343,1075.0018133900733,1012.534683401868
2010-08-18,1800.3070881960725,1257.7117073104278,1487.1357656892333,1093.0389999758224,1012.5419157924638
2010-08-19,1812.75778085546,1266.4098799858052,1496.8257517056295,1085.49529727508,1012.5491482347195
2010-08-20,1799.4348291137937,1275.2289490662074,1507.2493988314438,1077.9515945743376,1012.5563807286355
2010-08-23,1781.554703404345,1287.9185085065972,1522.2477494036832,1067.2405038806555,1012.5636132742122
2010-08-24,1781.211117863404,1272.9893911332736,1539.3059792911686,1055.2963079378137,1012.5708458714499
2010-08-25,1838.5607922597858,1314.2304423235312,1588.5591705471784,1089.4847554341266,1012.5780785203491
2010-08-26,1867.2449520888197,1293.2196641427524,1563.1626622298097,1106.4822650450938,1012.58531122091
2010-08-27,1842.818474656234,1276.8196213185531,1543.3393210662252,1120.5299934717966,1012.5925439731329
2010-08-30,1855.251139373968,1285.433747167188,1553.751535067982,1112.9862907710542,1012.5997767770185
2010-08-31,1854.8933409493195,1271.1825444827982,1536.5255768291904,1125.3415217969496,1012.607009632567
2010-09-01,1826.1866490720101,1270.9378922931596,1560.0210122018386,1108.1505839116041,1012.6146443679571
2010-09-02,1852.8032643563747,1289.2075865617287,1582.134262565642,1124.3018448221678,1012.6222791609107
2010-09-03,1852.4466732612864,1291.2592287339583,1584.652067618175,1126.0910563601642,1012.6299140114281
2010-09-07,1841.2457425037755,1298.828125055266,1593.9407270432137,1132.6917962233138,1012.6375489195099
2010-09-08,1852.5142756967252,1298.5781521885538,1584.2097508326635,1125.7767354143,1012.6451838851565
2010-09-09,1852.1577402204846,1274.8352046570274,1555.5612127412103,1105.4184095360147,1012.6528189083683
2010-09-10,1852.1717049018591,1283.5908260628607,1566.2448720899692,1113.0104693053515,1012.6604539891457
2010-09-13,1852.1856696885231,1282.336039588687,1564.713774452905,1111.9224352619751,1012.6680891274893
2010-09-14,1852.199634580477,1325.6401147583165,1617.5536548087568,1149.4716990256059,1012.6757243233992
2010-09-15,1852.2135995777219,1329.9538054427876,1611.6674349372915,1145.2888125921813,1012.6833595768762
2010-09-16,1852.2275646802582,1310.741079804186,1634.9741436999423,1161.851108585798,1012.6909948879206
2010-09-17,1852.241529888087,1326.1450661504427,1653.5345658240183,1148.2144152421488,1012.6986302565329
2010-09-20,1872.5039811821514,1340.3870965442773,1671.2925699404775,1161.0048598853946,1012.7062656827133
2010-09-21,1884.358727477352,1348.8730325564727,1681.8734550017684,1168.3551343117588,1012.7139011664623
2010-09-22,1906.3524011421332,1364.6166767260659,1701.503780892151,1181.9918276554085,1012.7215367077806
2010-09-23,1887.4004058759083,1377.6577388528121,1717.7643300221414,1170.2410599869445,1012.7291723066685
2010-09-24,1883.4618224087187,1374.2318114591603,1721.3748236493489,1167.799028022922,1012.7368079631262
2010-09-27,1869.4623026612117,1364.0173302558346,1707.8915245158996,1159.1189342102089,1012.7444436771544
2010-09-28,1915.1264746386862,1397.335317925547,1749.609109397577,1187.4319978722897,1012.7520794487534
2010-09-29,1912.7867221461463,1398.5046102527397,1751.0731849712497,1185.9812858144546,1012.7597152779238
2010-09-30,1912.4185866160324,1413.1234516606478,1769.377494443715,1173.6018762542624,1012.7673511646658
2010-10-01,1935.2818841773865,1429.7349633239523,1790.1768342686964,1187.8672114896406,1012.77498710898
2010-10-04,1900.0655771127417,1403.7180890375087,1757.6010024939792,1166.2516018278982,1012.7826231108668
2010-10-05,1957.1443597782943,1445.8863808549033,1810.400088400559,1201.2862980246146,1012.7902591703266
2010-10-06,1986.5306748862636,1467.5962116018477,1837.5830538284445,1219.3234846103637,1012.79789528736
2010-10-07,2039.417709343938,1506.6677509413462,1787.9541016294236,1186.392320897508,1012.8055314619672
2010-10-08,2013.8455996028383,1524.9797999682066,1810.4000887676707,1201.2862980246146,1012.813167694149
2010-10-11,2013.4580142495975,1528.7244168026673,1814.8455605369688,1204.2360792088793,1012.8208039839053
2010-10-12,2013.4731950838316,1522.3708461969534,1807.3028345357357,1199.2311226093484,1012.8284403312368
2010-10-13,2013.4883760325245,1560.123948091895,1852.1219324826607,1228.9707197949672,1012.8360767361442
2010-10-14,2013.5035570956768,1548.3990005297476,1838.2025047579455,1219.7345196934173,1012.8437131986275
2010-10-15,1987.8357727512557,1528.969965419773,1815.137066849521,1204.4295074832573,1012.8513497186873
2010-10-18,1985.401557760793,1527.0976570224645,1812.9143309885226,1202.9546168911252,1012.858986296324
2010-10-19,1985.019446756731,1452.021161083597,1723.786268495547,1143.8139220000496,1012.8666229315381
2010-10-20,1951.881324471652,1427.4905641943865,1752.2445737111177,1162.6973572862025,1012.8742596243301
2010-10-21,1991.7293313442433,1456.6330397636807,1716.4986096011535,1138.9782151405993,1012.8818963747002
2010-10-22,1970.8302891518936,1441.3487162977779,1734.5355635399299,1150.9465896177385,1012.8895331826491
2010-10-25,1940.6777614982575,1419.296940827347,1761.099078556909,1168.5727411204346,1012.897170048177
2010-10-26,1940.3042580499964,1419.5826385555263,1760.7601368780686,1168.3551343117592,1012.9048069712845
2010-10-27,1940.3188873281324,1445.3387897379332,1760.773412450529,1147.1747382673673,1012.9124439519719
2010-10-28,1940.3335167165687,1445.0606193829249,1760.7866881230832,1182.2094344640839,1012.9200809902396
2010-10-29,1907.9896638751798,1420.9725811062376,1731.4357414764977,1201.697333107668,1012.9277180860882
2010-11-01,1908.6710542926705,1421.4800456479045,1732.054080110653,1201.2862980246148,1012.9353552395181
2010-11-02,1894.3705893493131,1410.8297947758372,1719.076894441643,1210.3048913174894,1012.9429924505298
2010-11-03,1908.4393795581216,1421.3075062197502,1731.8438431668217,1201.3346550932094,1012.9506297191235
2010-11-04,1908.0720807189202,1354.6202266884447,1650.586301101903,1257.7189970743984,1012.9582670452999
2010-11-05,1911.505289711599,1356.7866813807207,1653.22609664502,1260.2335646413126,1012.9659044290593
2010-11-08,1965.5989597381104,1395.1823747821481,1700.0107262416377,1295.8969027297576,1012.9735418704022
2010-11-09,2029.1313137223858,1440.277647176417,1754.9587016165533,1253.5119321066768,1012.9811793693291
2010-11-10,1974.836739104778,1478.2615510726819,1708.0003132996615,1287.0717377112608,1012.9888169258401
2010-11-11,1961.6593898982821,1467.8063586345659,1696.603464067782,1295.679295921082,1012.9964545399359
2010-11-12,2015.0609821138992,1507.763956278139,1742.7895281757046,1260.4269929156903,1013.004092211617
2010-11-15,2044.5847800949557,1529.855058653401,1768.3241231135626,1241.9787712468876,1013.0117299408836
2010-11-16,2099.5045937810473,1570.9486614259247,1815.8232693086682,1208.636572450979,1013.0193677277364
2010-11-17,2114.666857586142,1582.293784508463,1828.9368350109012,1217.8485940182316,1013.0270055721755
2010-11-18,2148.9253944357524,1556.050870065471,1798.603256409543,1237.5782780047884,1013.0346434742017
2010-11-19,2159.127384449582,1562.815777445779,1806.4226565831502,1243.4536618390202,1013.0422814338151
2010-11-22,2186.41665932393,1582.568252281606,1829.2540859697558,1259.1697091322335,1013.0499194510163
2010-11-23,2185.9958608906227,1571.5068666493407,1816.468485832045,1250.3687226480342,1013.0575575258058
2010-11-24,2185.558661730726,1571.5068666495154,1816.4684858322466,1250.3687226480342,1013.0651956581839
2010-11-26,2149.8469203539253,1545.8286509253894,1786.7876294356583,1229.9378611668571,1013.0728338481512
2010-11-29,2149.433160144005,1550.9339059589638,1792.6886757991372,1233.9998549287955,1013.0804720957078
2010-11-30,2149.4493661876722,1550.6354127348989,1814.0448429677738,1248.700403781524,1013.0881104008545
2010-12-01,2177.528970941809,1570.8923353646185,1838.1056564920275,1265.2626997751408,1013.0957487635917
2010-12-02,2209.2785335172352,1547.3831972365492,1810.5975461017465,1283.7109214439433,1013.1033871839197
2010-12-03,2153.168089064753,1508.7022795662006,1765.3368926708622,1315.8200149906922,1013.111025661839
2010-12-06,2116.840301746847,1533.5760492158815,1735.5525095996568,1338.040088009866,1013.11866419735
2010-12-07,2116.4328940010555,1567.3484912854829,1774.467101096786,1308.0587054812747,1013.1263027904529
2010-12-08,2116.4488512331927,1597.7920122172416,1808.9336071963014,1282.6712444691614,1013.1339414411484
2010-12-09,2116.4648085856425,1604.2006491599852,1800.9817999458833,1288.329021494718,1013.141580149437
2010-12-10,2116.4807660584056,1609.198346570449,1800.6351824260248,1292.342658188062,1013.149218915319
2010-12-13,2116.496723651483,1624.5828250395982,1800.64875864367,1304.697889213957,1013.156857738795
2010-12-14,2116.5126813648753,1624.469301983128,1800.6623349636754,1304.286854130904,1013.1644966198652
2010-12-15,2116.528639198584,1655.72201107681,1800.6759113860421,1279.2137140646546,1013.1721355585302
2010-12-16,2085.061688259618,1680.0318601330785,1800.6894879107708,1260.4511714499881,1013.1797745547904
2010-12-17,2089.2213324091,1682.7114674733334,1803.9216789595841,1262.9657390169025,1013.187413608646
2010-12-20,2088.819240218775,1693.599884870125,1815.59441820889,1271.138083609373,1013.1950527200979
2010-12-21,2088.834989252729,1691.60260128066,1813.453264935907,1269.6390144829436,1013.2026918891461
2010-12-22,2088.8507384054255,1673.2082631046383,1793.733933340893,1255.8330713992134,1013.2103311157912
2010-12-23,2103.916362827437,1685.6107501271329,1807.0298047040844,1265.141807103655,1013.2179704000337
2010-12-27,2089.8835525074246,1696.2046980075002,1818.3868630094264,1256.7034986339145,1013.2256097418739
2010-12-28,2145.371456105105,1740.5616656205734,1865.9389817397273,1290.069875964121,1013.2332491413123
2010-12-29,2152.3677568516528,1734.2155175873925,1872.024021350844,1294.2769409318423,1013.2408885983494
2010-12-30,2151.9535114807522,1746.6821456052032,1858.594968373509,1284.9923837616982,1013.2485281129857
2010-12-31,2151.969736527069,1730.0784249919302,1876.2905433436695,1297.226722116107,1013.2561676852214
2011-01-03,2126.3504045363175,1709.1357182893719,1854.328446564436,1282.0426025774334,1013.2634052292764
2011-01-04,2065.756795817805,1660.431280516594,1801.4865198119003,1245.508837254287,1013.270642825028
2011-01-05,2090.544862895748,1639.866468087595,1823.103473358181,1230.082932372641,1013.2778804724767
2011-01-06,2145.1035356488906,1597.0929476113788,1774.82124321394,1197.9980173601891,1013.2851181716229
2011-01-07,2144.245494237742,1597.0929476113558,1774.8212432139146,1197.9980173601891,1013.2923559224669
2011-01-10,2151.3860550174336,1591.158440191992,1780.73158276893,1201.9874755192357,1013.2995937250093
2011-01-11,2150.97114486055,1560.1344888539297,1815.4772159434874,1225.4406537875693,1013.3068315792501
2011-01-12,2153.9244148409252,1562.5885706993774,1817.6067593893029,1223.5305495780863,1013.3140694851901
2011-01-13,2223.079625196506,1511.816437778066,1758.5484930504651,1184.2646098793507,1013.3213074428294
2011-01-14,2174.624297581403,1479.4688749975228,1720.9217307266056,1158.9255059358318,1013.3285454521683
2011-01-18,2211.055561343269,1504.2542693630928,1749.7521606796586,1178.3408689765242,1013.3357835132073
2011-01-19,2230.8002259278514,1517.6872180948096,1765.377398743681,1167.3638144055722,1013.3430216259467
2011-01-20,2259.8947353253798,1497.3078664967709,1741.6720882664727,1152.1555163326013,1013.350259790387
2011-01-21,2285.1571045975084,1513.446689048725,1760.444805224134,1139.2925360864638,1013.3574980065283
2011-01-24,2308.0801185399678,1497.6811475402271,1742.106289668211,1127.8802678981615,1013.3647362743711
2011-01-25,2307.6349888144823,1488.6914648377303,1731.6494692669778,1121.110278294931,1013.3719745939161
2011-01-26,2307.651471921545,1546.7391330046282,1799.170655589055,1164.825068304361,1013.3792129651631
2011-01-27,2367.433757217669,1586.4997881510646,1845.4203446672007,1134.4326506927162,1013.3864513881127
2011-01-28,2342.390005772165,1569.7170983538663,1825.8986797912896,1146.4493822384497,1013.3936898627655
2011-01-31,2325.496580234419,1558.3962257190697,1812.7302136902083,1138.639715660438,1013.4009283891216
2011-02-01,2391.2719905279914,1602.4746182730994,1864.0023052385045,1170.845523344376,1013.4077648239561
2011-02-02,2409.112503069938,1614.4301668843386,1877.9090279520017,1161.6576803114208,1013.4146013049094
2011-02-03,2341.702896087462,1569.2566422309042,1825.3630761287573,1194.1778089412232,1013.421437831982
2011-02-04,2359.087462187845,1580.9066452568688,1838.9143874873325,1185.3284653884293,1013.4282744051737
2011-02-07,2359.985470421774,1581.5084318405663,1839.6143870795152,1184.8932517710787,1013.4351110244852
2011-02-08,2359.529393876517,1546.579486154631,1798.984953991647,1211.0786044150013,1013.4419476899168
2011-02-09,2359.545311336714,1570.3444809487855,1826.628452724889,1192.4853115404153,1013.4487844014687
2011-02-10,2336.970606366376,1555.0063032207547,1808.787047739631,1181.3148286950852,1013.4556211591414
2011-02-11,2325.2517929839796,1547.2086746899326,1799.7168275994152,1175.3910877922588,1013.462457962935
2011-02-14,2324.802428859544,1568.6282830026194,1824.6321671728929,1191.6632413743087,1013.4692948128499
2011-02-15,2324.8181120505324,1538.7092796048446,1789.8303109263395,1213.931671462077,1013.4761317088863
2011-02-16,2324.8337953473206,1529.7503795076666,1779.4092969251712,1221.0159820111714,1013.4829686510448
2011-02-17,2324.849478749908,1514.1705941735247,1761.2868533951405,1233.4679271742557,1013.4898056393254
2011-02-18,2324.8651622582966,1499.1724936683327,1743.8410270481347,1245.7022655286646,1013.4966426737286
2011-02-22,2324.8808458724866,1511.879570193985,1758.6219288275238,1235.1604245750634,1013.5034797542546
2011-02-23,2368.515108029519,1539.9527348273318,1791.2767010124896,1258.5894243090995,1013.5103168809039
2011-02-24,2294.621293381456,1587.4015496963739,1846.469275851548,1219.323484610364,1013.5171540536764
2011-02-25,2341.1234339213324,1618.9364171196494,1883.1507089938223,1244.0339466621544,1013.5239912725729
2011-02-28,2380.4364001497192,1591.1249380269069,1850.8003300550088,1264.9242002949793,1013.5308285375935
2011-03-01,2344.1145845638316,1567.483257481318,1823.3002707503695,1283.7350999782404,1013.537263653965
2011-03-02,2343.3937964556003,1567.0012745188449,1822.739627016677,1284.1461350612938,1013.5436988111945
2011-03-03,2342.9399963989204,1588.9133414156333,1848.227795591958,1266.2056626127337,1013.550134009282
2011-03-04,2325.3213591251974,1588.6056470940537,1834.6989825330368,1275.490219782878,1013.556569248228
2011-03-07,2341.528032330831,1588.6157334791144,1847.486190083484,1266.616697695787,1013.5630045280326
2011-03-08,2319.494157534487,1573.9845183738946,1830.1012692803993,1255.2044295074847,1013.5694398486963
2011-03-09,2299.209642501719,1560.2196582553258,1814.096608700583,1244.2273749365327,1013.5758752102191
2011-03-10,2298.7643987412953,1505.3724483360547,1750.3247308212206,1200.488406392806,1013.5823106126012
2011-03-11,2338.399105500267,1531.6287683523246,1780.8534457021337,1221.427017094225,1013.588746055843
2011-03-14,2334.371932152419,1533.6733256125851,1783.2306907089555,1219.323484610364,1013.5951815399449
2011-03-15,2282.6204405296567,1567.6933305519078,1822.7863874096456,1192.2918832660373,1013.6016170649069
2011-03-16,2233.2759936855273,1601.602779299136,1862.2135383558402,1166.5175657051682,1013.6080526307294
2011-03-17,2251.8843117773163,1614.3071672646147,1876.9851681080017,1176.2373364926627,1013.6144882374127
2011-03-18,2287.8974275286805,1640.123871332806,1907.002733295139,1195.048236175924,1013.6209238849569
2011-03-21,2287.4543743876075,1681.5367827194714,1955.1543007398002,1225.223046978893,1013.6273595733625
2011-03-22,2278.72006179721,1674.7797713498867,1947.2977971086245,1229.6718972895872,1013.6337953026296
2011-03-23,2199.7120292439413,1616.7116229569651,1879.7808737602058,1272.322831789938,1013.6402310727584
2011-03-24,2208.8528276065645,1623.4297909532725,1887.5922134740063,1267.0519113131372,1013.6466668837492
2011-03-25,2226.9212751863415,1636.7094697578905,1903.0327446560257,1256.7034986339138,1013.6531027356024
2011-03-28,2188.1982121754345,1608.249368974723,1869.9416526159762,1235.3538528494414,1013.659538628318
2011-03-29,2189.697183374953,1609.351060527309,1871.2226100111775,1236.2001015498452,1013.6659745618965
2011-03-30,2189.2731467886015,1639.6003632346356,1906.3940406277363,1259.435673009503,1013.6724105363381
2011-03-31,2171.5889809739447,1626.0283366149247,1890.6135911674703,1269.3730506056734,1013.6788465516431
2011-04-01,2184.2703709273833,1635.523825675063,1901.6541740820664,1261.9744191107145,1013.6844781007906
2011-04-04,2183.845651699628,1635.8240174556618,1902.0032126858698,1261.7568123020392,1013.6901096812245
2011-04-05,2183.8577841754704,1715.1036003799636,1809.0836906417396,1323.412074760029,1013.6957412929451
2011-04-06,2180.6523654785683,1712.2431880864985,1806.790173918718,1325.1045721608368,1013.7013729359523
2011-04-07,2187.2816178974003,1717.4484617357718,1812.282873406444,1321.0909354674932,1013.7070046102464
2011-04-08,2186.8563131494157,1680.9428082072761,1773.7614434210936,1349.186392320899,1013.7126363158276
2011-04-11,2186.868462351156,1728.0451133957476,1823.4646530910695,1311.3953432142957,1013.718268052696
2011-04-12,2150.868973321946,1699.2530107275923,1793.082702355778,1290.0698759641205,1013.7238998208518
2011-04-13,2144.499731021081,1694.2211123227894,1787.772951581348,1286.2496675451546,1013.7295316202952
2011-04-14,2144.0827449731064,1713.9665371558751,1808.6086832206952,1301.2403588094503,1013.7351634510266
2011-04-15,2136.721854142016,1708.4250794983525,1802.761236249107,1297.033293841729,1013.7407953130457
2011-04-18,2116.8857589036043,1692.5650448761912,1786.0254390722143,1284.992383761698,1013.746427206353
2011-04-19,2144.0110214122883,1714.253164304548,1808.911137404425,1301.4579656181259,1013.7520591309486
2011-04-20,2161.0589096355898,1699.9557980632906,1793.8242963427356,1311.8063782973493,1013.7576910868327
2011-04-21,2160.6387037474124,1713.2502015282046,1779.09820106679,1322.5900045939231,1013.7633230740055
2011-04-25,2160.650707295767,1671.3749989709968,1822.6026259239236,1290.2633042384984,1013.7689550924671
2011-04-26,2129.4469995874997,1647.571592674316,1795.9164228865009,1271.887618172588,1013.7745871422177
2011-04-27,2177.902403494558,1685.0619584849203,1836.7823639834812,1300.8293237263974,1013.7802192232574
2011-04-28,2166.851171438566,1676.5115244975839,1827.4620619772184,1294.2285838632479,1013.7858513355864
2011-04-29,2198.7499663896897,1701.1918985159066,1854.3646191829673,1313.2812688894817,1013.791483479205
2011-05-02,2127.7063301929506,1646.2248216829494,1794.4483906917142,1270.8479411978062,1013.7955064612825
2011-05-03,2058.7676859656412,1592.88639537396,1736.3074539305092,1229.6718972895876,1013.799529459324
2011-05-04,2063.7063321753644,1596.707468733844,1740.4725709005893,1232.6216784738522,1013.80355247333
2011-05-05,1984.5260768047601,1657.3439086945816,1806.5686233180131,1185.3284653884295,1013.8075755033002
2011-05-06,1984.137046702905,1654.7201329189202,1803.7086067782561,1187.214391063615,1013.8115985492349
2011-05-09,1984.1449202626145,1684.084633770104,1835.7170424438077,1208.7574651224659,1013.815621611134
2011-05-10,1984.1527938535678,1672.328077452257,1822.9019437484365,1200.3191566527253,1013.8196446889975
2011-05-11,1984.1606674757659,1616.1054619050483,1761.6171297544229,1159.9651829106137,1013.8236677828259
2011-05-12,1973.3002046887525,1607.5828001448685,1752.3271005442393,1153.8480137334093,1013.8276908926186
2011-05-13,1957.4218414566235,1594.6472196560148,1738.2268201419813,1144.563456563265,1013.8317140183764
2011-05-16,1957.0381246452118,1586.6783802883017,1729.5404786467445,1149.8343770400656,1013.8357371600988
2011-05-17,1937.2383706240146,1570.9429665059745,1712.3882722368696,1161.2466452283682,1013.839760317786
2011-05-18,1923.1766199371723,1559.5400288637989,1699.958631502719,1169.6849536981088,1013.8437834914382
2011-05-19,1922.7996162761551,1553.072724896396,1692.9090213622549,1174.544839091856,1013.8478066810552
2011-05-20,1922.8072464333627,1549.7281273108947,1689.2632813176606,1177.0835851930672,1013.8518298866372
2011-05-23,1922.8148766208487,1537.998503923691,1676.4775405528787,1168.6452767233266,1013.8558531081845
2011-05-24,1922.8225068386134,1572.7143643296383,1714.31916401549,1195.0240576416272,1013.859876345697
2011-05-25,1906.463722684084,1559.0196490694352,1699.3913975063383,1204.9614352377973,1013.8638995991747
2011-05-26,1904.1453135428926,1557.123759122675,1697.3248045239689,1206.4363258299297,1013.8679228686176
2011-05-27,1903.772040622001,1535.6034515500387,1673.8668413209664,1223.1195144950332,1013.8719461540257
2011-05-31,1903.779595272956,1530.0605471537751,1667.824862277384,1227.5441862714301,1013.8759694553994
2011-06-01,1903.786394485796,1529.759999554029,1698.4863830331212,1204.985613772095,1013.8795904410046
2011-06-02,1888.6603374423812,1517.605675369861,1711.6537157014857,1195.6526995333559,1013.8832114395417
2011-06-03,1884.344578146586,1514.1378094593085,1711.317498015978,1192.9205251577666,1013.8868324510111
2011-06-06,1883.974439042542,1474.0578721587349,1711.323609864185,1161.3433593655566,1013.8904534754125
2011-06-07,1872.458221009495,1465.3421732147435,1700.862758905765,1154.4766556251375,1013.8940745127462
2011-06-08,1829.9879133386207,1432.10590004119,1662.284507136967,1128.291302981215,1013.8976955630123
2011-06-09,1861.5171175043542,1456.7799205526005,1690.924317938471,1147.7308445562046,1013.9013166262107
2011-06-10,1828.615373752177,1481.9557531550365,1661.0377495636806,1127.4450542808113,1013.9049377023415
2011-06-13,1828.2561814558576,1506.3742731494779,1633.6803195818045,1108.8759399405224,1013.9085587914045
2011-06-14,1828.2627109422199,1480.8638424847704,1661.358345796263,1127.6626610894864,1013.9121798934001
2011-06-15,1840.2190106147607,1490.8444288279206,1650.1731464823467,1120.0706013201495,1013.9158010083282
2011-06-16,1883.6108754424868,1490.551584394076,1649.8490053369107,1093.6676418675515,1013.9194221361889
2011-06-17,1889.020506803247,1495.1304806495025,1654.9172549108612,1097.2460649435448,1013.9230432769821
2011-06-20,1898.8441959827467,1502.905778520436,1663.523510201095,1102.952199037696,1013.9266644307081
2011-06-21,1833.7447299688324,1553.8405715906667,1719.9017788660622,1140.3322130612457,1013.9302855973666
2011-06-22,1811.0124424176265,1533.9566206854363,1697.8928011381977,1154.4766556251375,1013.9339067769579
2011-06-23,1833.213581158794,1552.7613417139166,1718.707210118943,1140.3322130612457,1013.937527969482
2011-06-24,1882.0859382473973,1594.157012979701,1764.5268971248586,1109.9397954496012,1013.9411491749388
2011-06-27,1881.7162428047507,1595.1060166492377,1765.5773222001387,1109.2869750235755,1013.9447703933287
2011-06-28,1881.7229632199032,1572.0316765336172,1740.0369937156083,1125.34152179695,1013.9483916246514
2011-06-29,1842.870913941094,1571.722884605098,1704.4583501351176,1148.359486447933,1013.9520128689072
2011-06-30,1836.7922629269244,1566.2242623207455,1698.83624855422,1152.1555163326016,1013.955634126096
2011-07-01,1865.5992161510303,1590.787818022596,1725.4795970347573,1134.0941512125553,1013.9592553962178
2011-07-05,1805.315167578371,1641.566795982822,1780.5580238594985,1170.7488092071876,1013.9628766792728
2011-07-06,1804.9605521081467,1620.4790122306104,1757.6847404467856,1185.32846538843,1013.9664979752607
2011-07-07,1804.9669983958324,1616.755393690994,1753.6458436533499,1188.0606397640195,1013.9701192841819
2011-07-08,1804.973444706541,1616.7340389311505,1753.6226807890177,1188.0848182983168,1013.9737406060362
2011-07-11,1784.703304588073,1616.4164661816715,1772.9779455616151,1174.9800527092068,1013.9773619408242
2011-07-12,1839.8647256674303,1616.422239097622,1827.0677705101575,1211.2962112236778,1013.9809832885452
2011-07-13,1776.9292429882112,1561.4532439434533,1764.5700279204198,1252.254648323221,1013.9846046491996
2011-07-14,1789.8077924027161,1572.7701001660162,1777.3590021520056,1243.187697961752,1013.9882260227874
2011-07-15,1813.3890055685824,1551.4305443173723,1753.2435566170802,1260.0643149012333,1013.9918474093088
2011-07-18,1842.2696139301445,1526.7330511282696,1725.333366917005,1280.1324983679515,1013.9954688087638
2011-07-19,1841.9077395510017,1549.6687414050955,1751.2525750579687,1260.9105636016368,1013.9990902211522
2011-07-20,1841.9143177929284,1565.392455830996,1732.7954976694289,1274.208757465125,1014.0027116464743
2011-07-21,1841.9208960583492,1557.6100493154047,1741.422531712334,1267.8739814792452,1014.0063330847299
2011-07-22,1841.9274743472633,1576.8284342072136,1719.948637271374,1283.5174931695667,1014.0099545359194
2011-07-25,1841.9340526596716,1576.5187000584613,1734.411278168497,1272.7338668729928,1014.0135760000426
2011-07-26,1842.790379325474,1577.2516334661732,1734.870734602052,1273.5801155733966,1014.0171974770998
2011-07-27,1787.47937901532,1529.9107277578576,1682.7989217598474,1235.3538528494428,1014.0208189670905
2011-07-28,1776.4941459366987,1520.508422964187,1672.4570187443464,1227.761793080106,1014.0244404700154
2011-07-29,1737.6959807332344,1487.3009186657036,1635.9309970530546,1200.9477985444546,1014.0280619858742
2011-08-01,1753.579088979597,1500.8953343448572,1650.8839401442908,1211.9248531154064,1014.0308787304908
2011-08-02,1785.8001062333276,1472.725218395291,1619.898706897869,1234.1932832031746,1014.0336954829316
2011-08-03,1808.8900872014456,1453.691404882808,1598.962791962018,1250.15111583936,1014.0365122431969
2011-08-04,1707.4341079176672,1535.2332823099507,1688.653373852223,1180.0333663773324,1014.0393290112866
2011-08-05,1693.0903319284819,1521.7220336394032,1673.7919088778924,1170.1201673154596,1014.0421457872004
2011-08-08,1691.8658632050194,1520.6215010801789,1672.5813970680051,1169.2739186150557,1014.0449625709387
2011-08-09,1763.6547145671464,1585.144152250824,1743.551974533119,1218.8882709930147,1014.0477793625014
2011-08-10,1819.4205143504164,1635.2655454531978,1798.682136645039,1257.4288546628327,1014.0505961618884
2011-08-11,1819.061684202612,1625.690489237764,1788.1502186822595,1264.295558403252,1014.0534129690999
2011-08-12,1837.841348411172,1642.7989617081394,1806.9683879412585,1250.997364539764,1014.056229784136
2011-08-15,1786.3465341085746,1688.1808557462086,1856.8854196798384,1286.056239270778,1014.0590466069965
2011-08-16,1805.4323146071931,1670.1532810935996,1837.0562998253647,1272.3228317899393,1014.0618634376817
2011-08-17,1790.1746359969823,1684.2769974598416,1852.5914380795987,1283.0822795522158,1014.0646802761912
2011-08-18,1789.8215737861499,1655.7439163035224,1821.2069675133266,1261.345777218987,1014.0674971225254
2011-08-19,1834.716919238769,1697.60724638653,1867.253815507004,1293.237263957061,1014.070313976684
2011-08-22,1907.5059976768694,1629.5881358680476,1792.4373678785107,1344.5441137358275,1014.0731308386672
2011-08-23,1972.9566652846843,1686.154673060982,1854.6567549766473,1297.8795425421333,1014.075947708475
2011-08-24,2022.4027270389447,1728.412929189166,1901.1379950632354,1265.3594139123309,1014.0787645861076
2011-08-25,2022.0038642891077,1695.2638474177231,1864.6762342230681,1289.6346623467707,1014.0815814715647
2011-08-26,1974.6032219774615,1655.8618305289856,1821.3366652322002,1319.616044875362,1014.0843983648466
2011-08-29,1991.9803382373968,1640.636590725544,1804.5899252689376,1308.0103484126814,1014.0872152659532
2011-08-30,1991.587475458531,1668.1736156486304,1834.8788009584073,1329.9644575545856,1014.0900321748845
2011-08-31,1991.5930076459629,1663.4122574667404,1829.6416271356318,1326.168427669917,1014.0928490916406
2011-09-01,1991.6009107928187,1680.0921745985704,1847.9884143404142,1339.466621533405,1014.0968732696132
2011-09-02,1991.6088139710364,1638.8861132160457,1802.6645177192659,1371.7933218888295,1014.1008974635548
2011-09-06,1991.6167171806158,1630.0888366026793,1792.9881050170086,1379.1677748494908,1014.1049216734655
2011-09-07,1991.624620421557,1626.5867420791296,1789.136036539283,1382.141734568053,1014.108945899345
2011-09-08,1954.7292181898097,1596.7790852721243,1756.3496184660353,1407.4808385115718,1014.112970141194
2011-09-09,1979.0898606717992,1576.253325931676,1778.237972479821,1389.9514011460647,1014.116994399012
2011-09-12,1922.0449380292007,1620.4384717147047,1828.7963962069305,1350.4436761043567,1014.1210186727993
2011-09-13,1936.188502016843,1608.527170337291,1815.35352539549,1360.3810537005268,1014.1250429625561
2011-09-14,1935.8089476139285,1576.4073561969572,1779.1037069839824,1333.7604874392532,1014.1290672682821
2011-09-15,1924.7185652639575,1567.6912919060871,1769.266920680468,1326.386034478592,1014.1330915899778
2011-09-16,1958.891812168019,1595.525543912851,1800.6801342332299,1349.9359268841145,1014.1371159276429
2011-09-19,1958.5078071956893,1584.666185661557,1788.4244666582238,1340.748083851159,1014.1411402812777
2011-09-20,1958.515579052067,1531.3770059890223,1728.2833002745163,1385.3091225609924,1014.1451646508821
2011-09-21,1997.2789657272112,1561.9926435645723,1762.8355332923466,1357.62470079064,1014.1491890364563
2011-09-22,2150.4254690275543,1681.7624482075985,1898.0054832342275,1253.5361106409746,1014.153213438
2011-09-23,2041.224834340068,1596.3609639976394,1801.622973635681,1190.3817790565552,1014.1572378555137
2011-09-26,2076.0101954750157,1568.5308392803563,1770.2144180642374,1210.667569331949,1014.1612622889972
2011-09-27,2083.9029730101,1575.1216447921759,1777.6526772629109,1205.590077129526,1014.165286738451
2011-09-28,2178.080059908383,1503.3201851288213,1696.618899697885,1151.1158393578198,1014.1693112038746
2011-09-29,2193.1753465454426,1514.3403443649338,1709.0560442414248,1159.5541478275604,1014.1733356852683
2011-09-30,2202.7788915488068,1520.9713853669339,1716.5397124579206,1164.631640029983,1014.177360182632
2011-10-03,2202.3453287304883,1540.8025749282328,1738.920820186018,1148.9881283396617,1014.1805797932992
2011-10-04,2125.806906296031,1486.9466825127972,1678.140072454427,1109.2869750235755,1014.1837994141873
2011-10-05,2221.349829519507,1553.7764742045824,1753.5629190101922,1159.1431127445069,1014.1870190452967
2011-10-06,2165.0586454162044,1514.402253898297,1709.1259141769285,1188.060639764019,1014.1902386866268
2011-10-07,2218.1667148619213,1551.5499682288344,1751.050126222526,1158.9255059358316,1014.1934583381782
2011-10-10,2217.730123329251,1605.7638137915858,1812.23485314694,1199.8839430353746,1014.1966779999507
2011-10-11,2217.7371637423407,1607.7376097047886,1814.462442108768,1201.358833627507,1014.1998976719444
2011-10-12,2217.7442041777813,1593.2557936749188,1798.1185367842215,1211.7072463067304,1014.2031173541592
2011-10-13,2217.751244635572,1623.7862239609954,1832.574606456982,1188.4958533813694,1014.2063370465952
2011-10-14,2217.7582851157135,1672.4895060565595,1887.540215046593,1224.6185836214622,1014.2095567492524
2011-10-17,2270.9238732281924,1712.2490481859486,1932.412086845664,1195.024057641627,1014.2127764621309
2011-10-18,2257.2920721277314,1721.85323299579,1920.8122892819702,1202.2050823279105,1014.2159961852309
2011-10-19,2256.847779731289,1619.314971618968,2035.2109777942337,1130.6124422737505,1014.2192159185519
2011-10-20,2238.2976123153353,1606.3288695664298,2018.075511368588,1121.5454919122815,1014.2224356620943
2011-10-21,2273.281566104983,1631.4353320112339,2049.617456481378,1139.0749292777882,1014.2256554158585
2011-10-24,2272.834126570124,1696.1580645858003,2130.93042054013,1184.26460987935,1014.2288751798438
2011-10-25,2217.2668593043536,1654.3504010762224,2078.4062933114446,1212.9887086244844,1014.2320949540507
2011-10-26,2195.6686854582053,1638.2355399286114,2058.160746295984,1224.8120118958402,1014.235314738479
2011-10-27,2195.2365221089863,1668.9174798089393,2018.8039790288697,1248.241011629876,1014.238534533129
2011-10-28,2195.243491113818,1709.003049959099,2066.4859194922706,1278.222394158467,1014.2417543380004
2011-10-31,2258.974005237329,1758.2756291334194,2126.0651525914964,1240.8665586692146,1014.2449741530935
2011-11-01,2263.608294120744,1761.882734475571,2130.426778745329,1238.327812568003,1014.2477915002439
2011-11-02,2263.1618602741737,1723.4321804748195,2083.9332815914577,1265.3594139123297,1014.2506088552203
2011-11-03,2263.168146834897,1669.961150919683,2019.277381955065,1304.625353611065,1014.2534262180227
2011-11-04,2263.1744334130826,1681.7311541310426,2033.5093904405007,1295.4375105781098,1014.256243588651
2011-11-07,2263.180720008731,1681.3994793841412,1968.0497155011458,1337.1454822408675,1014.2590609671056
2011-11-08,2263.187006621842,1681.4041499382506,1992.437519851331,1320.5831862472505,1014.2618783533861
2011-11-09,2263.193293252416,1632.243177209679,1933.7840521617763,1282.2360308518105,1014.2646957474925
2011-11-10,2242.640261422649,1617.7465228736773,1916.6092835022528,1270.8479411978053,1014.2675131494252
2011-11-11,2323.8789546571593,1676.3487052047658,1986.0376427051153,1316.883870499771,1014.270330559184
2011-11-14,2323.420634097288,1706.619830369342,1949.390844697853,1292.584443531034,1014.273147976769
2011-11-15,2323.4270880434933,1710.406445082544,1954.4958713661042,1295.9694383326491,1014.27596540218
2011-11-16,2323.433542007627,1681.974127700372,1954.1104013569043,1274.4263642737988,1014.2787828354171
2011-11-17,2323.439995989688,1613.4302262973308,1954.1158294413524,1222.4908726033036,1014.2816002764805
2011-11-18,2323.446449989677,1613.1120220108517,1954.1212575408786,1205.8076839382006,1014.2844177253703
2011-11-21,2280.8651900874142,1583.5488951046927,1918.3085340979712,1183.9502889334856,1014.2872351820862
2011-11-22,2320.5044640286296,1555.4036960809756,1884.2134861660836,1204.5262216204462,1014.2900526466283
2011-11-23,2320.0468089932815,1597.9363208783652,1935.7374380810797,1171.5950579075907,1014.2928701189968
2011-11-25,2291.1424045519097,1577.7087732642817,1911.2338200798156,1157.2330085350236,1014.2956875991915
2011-11-28,2349.256291175153,1617.7267086801767,1959.7114814028134,1186.5857491718862,1014.2985050872127
2011-11-29,2348.7929656407073,1626.3631986731782,1970.1737112142464,1192.920525157766,1014.3013225830601
2011-11-30,2348.799490065612,1741.2417098857206,2109.3373512664975,1277.1827171836853,1014.304140086734
2011-12-01,2355.147860441598,1745.599715449304,2114.6166320579605,1273.483401436206,1014.3073600998771
2011-12-02,2433.9062204716492,1803.974212085763,2185.331401534017,1230.9050025387469,1014.3105801232424
2011-12-05,2414.1915471694265,1789.3619965707321,2167.630187626941,1221.4270170942245,1014.3138001568299
2011-12-06,2462.6024981522064,1825.2434559387762,2211.096928650468,1245.9198723373397,1014.31702020064
2011-12-07,2461.967620528156,1824.77289431566,2210.5268910720683,1245.750622597259,1014.3202402546723
2011-12-08,2533.420118481967,1771.0950692932454,2274.6819460956144,1209.6037138228687,1014.3234603189271
2011-12-09,2532.9214770746216,1752.7676424236342,2252.0532371643835,1221.6446239028996,1014.3266803934041
2011-12-12,2532.9295180951835,1815.4990344506243,2332.654014510355,1177.92983389347,1014.3299004781037
2011-12-13,2532.9375591412722,1871.818680978462,2405.016625052155,1141.3960685703237,1014.3331205730257
2011-12-14,2532.9456002128886,1871.4502595332506,2404.5432567127086,1106.3371938393097,1014.3363406781702
2011-12-15,2566.7761002950297,1896.445702843814,2436.6587908311253,1091.3465025750145,1014.3395607935374
2011-12-16,2518.1148104598374,1931.6522419169114,2481.8941080345453,1112.0433279334611,1014.3427809191272
2011-12-19,2517.6191815257394,1876.9697642269557,2411.635022964061,1080.5628762784404,1014.3460010549396
2011-12-20,2609.615955896027,1945.931846572175,2500.2413373597324,1120.2640295945266,1014.3492212009749
2011-12-21,2604.715850491523,1942.2779483283962,2495.546605913873,1118.1604971106658,1014.3524413572325
2011-12-22,2604.2031762737925,1919.9345700615643,2466.838592291811,1105.2975168645282,1014.3556615237128
2011-12-23,2604.2114435854633,1941.983956221883,2495.1688685235035,1117.9912473705851,1014.3588817004161
2011-12-27,2604.2197109233794,1908.8468773878092,2452.5925087983446,1098.9143838100542,1014.3621018873421
2011-12-28,2604.227978287541,1841.1867609997657,2452.1097763169405,1059.9627650571829,1014.3653220844908
2011-12-29,2604.236245677948,1840.8243686942046,2452.117560792421,1084.0929422858394,1014.3685422918625
2011-12-30,2590.4891672061817,1831.1071408155212,2439.17347686526,1089.6056481056128,1014.3717625094571
2012-01-03,2471.685383794288,1747.1297751058487,2327.3092617517636,1139.5826784980302,1014.3745802087973
2012-01-04,2475.8420150687443,1750.0679218098558,2331.2230958206765,1137.6725742885474,1014.3773979159647
2012-01-05,2469.8572998854543,1753.6079590465872,2325.5879599063974,1140.4289271984342,1014.3802156309589
2012-01-06,2469.370189152678,1737.174971128515,2347.3938687743516,1129.7420150390494,1014.3830333537802
2012-01-09,2469.3770485143145,1747.1016853308927,2346.930910550981,1136.1976836964152,1014.3858510844284
2012-01-10,2430.693852951853,1719.3836317848682,2310.165853777229,1153.7754781305168,1014.3886688229036
2012-01-11,2438.7555057279487,1725.086149118147,2317.827762719702,1149.9552697115512,1014.3914865692059
2012-01-12,2457.111197144773,1738.0702916229116,2335.2732717385047,1159.0705771416149,1014.3943043233352
2012-01-13,2426.1525585430254,1716.1712867731046,2305.8497432713825,1144.4667424260756,1014.3971220852917
2012-01-17,2425.674067356237,1687.311011025849,2267.0730431043035,1125.2206291254636,1014.3999398550751
2012-01-18,2430.609666300478,1691.081700354116,2272.1393456852593,1127.735196692378,1014.402757632686
2012-01-19,2380.373659641492,1656.1303082249215,2225.1786144405255,1104.4270896298278,1014.4055754181238
2012-01-20,2382.6665893283143,1657.7255999277997,2227.3220502338386,1105.490945138907,1014.408393211389
2012-01-23,2419.614023516904,1683.431549631547,2261.860594248513,1122.633525955658,1014.4112110124812
2012-01-24,2474.784285744928,1721.8159196729753,2209.3951330668438,1096.5932445175188,1014.4140288214007
2012-01-25,2312.7917158026526,1833.8420926209615,2354.0283337140772,1168.3793128460568,1014.4168466381476
2012-01-26,2288.4911291563426,1813.8403097801854,2328.3528604977937,1180.6620082690604,1014.4196644627217
2012-01-27,2232.6401191506493,1769.5732326656637,2271.529018250091,1209.4828211513834,1014.4224822951231
2012-01-30,2258.8516668051666,1790.3483019293208,2298.1971277227153,1195.290021518897,1014.4253001353518
2012-01-31,2258.452983991856,1790.0323090253562,2297.791500514038,1195.5076283275725,1014.4281179834078
2012-02-01,2262.7109978814756,1793.4071777911543,2292.5547915718116,1198.2398027031618,1014.4313383901316
2012-02-02,2297.913188034838,1821.308160530054,2256.902861660016,1216.8814526463423,1014.4345588070789
2012-02-03,2297.460900371343,1853.558512316491,2297.7691556217196,1194.8548079015466,1014.4377792342495
2012-02-06,2305.5702228375817,1860.471708911162,2297.3168963074604,1190.4059575908525,1014.4409996716439
2012-02-07,2318.6969313508866,1871.064259759633,2297.3241893769723,1183.6359679876223,1014.4442201192618
2012-02-08,2302.849537391872,1858.2762614463875,2282.082333874901,1176.0197296839883,1014.4474405771033
2012-02-09,2294.564032819601,1851.5903029368294,2273.871548365643,1171.7884861819691,1014.4506610451687
2012-02-10,2294.1124043548934,1823.8149206604173,2239.7615989869178,1154.210691747868,1014.4538815234577
2012-02-13,2294.119687251415,1823.4559475741369,2231.9261632361336,1150.1728765202267,1014.4571020119704
2012-02-14,2294.126970171057,1805.3051818555268,2210.1558503759443,1138.9540366063025,1014.460322510707
2012-02-15,2294.1342531138193,1798.598426583379,2209.7208355848147,1134.7227931042835,1014.4635430196673
2012-02-16,2352.3351841514523,1844.5876038499257,2209.727850571594,1163.7370342609847,1014.4667635388515
2012-02-17,2319.345505455809,1869.7303922252995,2240.289657084836,1147.4165236103404,1014.4699840682596
2012-02-21,2318.8889993680405,1925.9144059742662,2307.60870234329,1182.3545056698679,1014.4732046078915
2012-02-22,2318.8963609204193,1891.3254601079263,2266.1646214233656,1203.1238666312063,1014.4764251577474
2012-02-23,2318.9037224961685,1877.350174527254,2249.4195934389168,1212.0215672525947,1014.4796457178271
2012-02-24,2318.911084095287,1901.6304263636507,2278.5119146028014,1196.353877027976,1014.4828662881309
2012-02-27,2318.918445717776,1886.3807957407773,2295.8869107639102,1187.2385695979126,1014.4860868686587
2012-02-28,2318.925807363635,1929.4460451127843,2243.4873927664926,1214.3427065451308,1014.4893074594106
2012-02-29,2398.538417487154,1995.301273569649,2320.95877237772,1172.417128073698,1014.4925280603867
2012-03-01,2374.9628399739186,1975.689171676955,2298.145736303634,1183.9502889334865,1014.4965538243871
2012-03-02,2374.497271873637,1935.5198746276174,2343.9701349799493,1160.3520394593695,1014.5005796043627
2012-03-05,2324.148578816609,1894.8663344252832,2293.7999442118735,1135.9800768877406,1014.5046054003135
2012-03-06,2273.4440194529266,1853.527169013995,2243.757482856446,1111.1970792330585,1014.5086312122397
2012-03-07,2272.998352263774,1845.0166066039121,2253.180112294437,1115.8635363524281,1014.5126570401414
2012-03-08,2273.007372098505,1824.362713791639,2278.421041644804,1128.3638385841066,1014.5166828840187
2012-03-09,2273.0163919690294,1825.7454258204923,2276.712274664599,1127.5175898837028,1014.5207087438714
2012-03-12,2273.025411875347,1796.552087429516,2241.2187435942856,1109.9397954496012,1014.5247346197
2012-03-13,2273.0344318174575,1785.907244735092,2240.779393582063,1103.3632341207492,1014.5287605115041
2012-03-14,2362.0070070860456,1715.659108066018,2240.788285563784,1059.9627650571838,1014.5327864192839
2012-03-15,2358.2542143651112,1718.3985897392135,2243.9181104886616,1061.6552624579913,1014.5368123430396
2012-03-16,2357.791921685797,1711.8629690295459,2235.3837705740007,1057.6174472303503,1014.5408382827712
2012-03-19,2357.8012780029467,1700.2397397085685,2220.205932945734,1050.4364225440668,1014.5448642384787
2012-03-20,2357.810634357225,1709.4757068772578,2232.2664374884234,1056.142556638218,1014.5488902101623
2012-03-21,2363.9970723539204,1713.6191443600703,2237.6770182831683,1053.168596919656,1014.5529161978219
2012-03-22,2408.682016347412,1746.0104600632062,2279.9742247420336,1033.2696631930185,1014.5569422014578
2012-03-23,2455.1200114669,1779.672531134731,2235.123748240924,1053.6038105370064,1014.5609682210696
2012-03-26,2499.5168005923465,1746.7923503172826,2194.7229671414952,1072.6564955632402,1014.5649942566579
2012-03-27,2499.0268159623192,1720.5792191972937,2226.797469991976,1056.988805338622,1014.5690203082224
2012-03-28,2499.0367327353983,1687.164181631293,2226.3609470071247,1036.4612297202555,1014.5730463757634
2012-03-29,2499.04664954783,1691.965871160574,2226.369781772788,1039.4110109045203,1014.5770724592809
2012-03-30,2475.662574604422,1675.7954168915924,2226.3786165735096,1048.9373534176375,1014.5810985587749
2012-04-02,2432.6609027623367,1646.687247898426,2226.390101860024,1067.1679682777644,1014.5863325088866
2012-04-03,2512.3288218717976,1700.615087292394,2226.4015872057876,1032.2299862182367,1014.5915664859988
2012-04-04,2618.5749583445418,1628.0335452237853,2226.4130726108015,988.5877318116986,1014.5968004901118
2012-04-05,2591.7177178302063,1611.9869408931168,2204.0232984185996,978.8437824899065,1014.6020345212254
2012-04-09,2606.3138947314083,1621.0654166815223,2216.4360367877384,984.3564883096798,1014.6072685793401
2012-04-10,2605.806077235722,1601.2414981491763,2242.6770024323027,996.0105418409547,1014.6125026644559
2012-04-11,2605.819519886121,1619.9937188222918,2268.0440355734304,984.3564883096798,1014.617736776573
2012-04-12,2605.8329626058667,1677.8790994565913,2349.085456147557,1019.9231122609358,1014.6229709156913
2012-04-13,2641.04433329153,1700.2158979592202,2380.3577024711553,1005.9479194371246,1014.6282050818112
2012-04-16,2687.7921335656333,1730.310566276126,2422.4912195247525,988.152518194348,1014.6334392749328
2012-04-17,2713.2207285343943,1746.6806441592075,2445.4098624017056,997.89646751614,1014.6386734950561
2012-04-18,2686.20159521266,1729.286630948744,2421.0576766751115,987.95908991997,1014.6439077421813
2012-04-19,2685.6782122963705,1727.4244980067913,2418.4506298308115,986.8952344108909,1014.6491420163086
2012-04-20,2685.6920669855613,1727.0879244327723,2393.0319247432158,976.5226431973701,1014.6543763174383
2012-04-23,2624.5759082634936,1687.7859579064784,2339.0542057284815,954.4959984525746,1014.6596106455701
2012-04-24,2626.902836836941,1689.2823358008843,2341.1279929826487,955.3422471529785,1014.6648450007045
2012-04-25,2626.3910077657342,1733.104830886821,2401.8603334527756,980.1252448076606,1014.6700793828415
2012-04-26,2626.475937009357,1732.8142531011783,2401.457630024409,979.9076379989854,1014.6753137919812
2012-04-27,2595.266323907802,1752.729508874331,2429.057612448799,991.5616915302603,1014.680548228124
2012-04-30,2619.151072630801,1768.1591325845134,2450.44108590587,982.4463841001968,1014.6857826912699
2012-05-01,2615.2481924974823,1770.106305147297,2446.7896058778606,983.9212746923291,1014.6914198345072
2012-05-02,2661.9987695729264,1738.4832816865526,2490.5287914684072,966.3434802582277,1014.6970570090618
2012-05-03,2761.7359079975313,1673.366825117403,2396.2475833975195,930.148214415243,1014.7026942149342
2012-05-04,2768.169094406396,1677.9341118253528,2402.7879005427694,932.6869605164544,1014.7083314521244
2012-05-07,2744.27278067208,1691.766404685418,2422.595630588124,924.6355085954697,1014.7139687206324
2012-05-08,2743.7391720897035,1749.1624567425306,2504.7863068785814,893.2759496119354,1014.7196060204586
2012-05-09,2743.754415085104,1782.077771633911,2551.92076812243,910.4427089629836,1014.7252433516032
2012-05-10,2737.479767600509,1777.6459510938723,2545.5744374197316,912.3528131724664,1014.7308807140663
2012-05-11,2783.287192603354,1807.392064489888,2588.1706280880094,897.096158030901,1014.736518107848
2012-05-14,2782.745997885522,1866.3059588592528,2672.534842133679,867.8643100655246,1014.7421555329488
2012-05-15,2782.7614575855096,1792.2465875325952,2777.547937803494,833.7725767064009,1014.7477929893685
2012-05-16,2792.8569329651295,1799.1070604842478,2787.068989313955,836.9641432336377,1014.7534304771073
2012-05-17,2920.736470641431,1716.0297631856838,2658.3706121564987,875.2871200947803,1014.7590679961655
2012-05-18,2920.168549675785,1703.3922751838834,2638.7933720431924,881.7427887521465,1014.7647055465434
2012-05-21,3017.435951147518,1646.3325180248194,2550.3998110324274,911.2889576633868,1014.7703431282409
2012-05-22,2983.7309763294893,1664.7404622730476,2578.9162966258127,901.1097947242442,1014.7759807412582
2012-05-23,2854.2355413756077,1593.1557784516767,2468.021588483938,939.8679852027374,1014.7816183855957
2012-05-24,2838.1868474777393,1584.197838909074,2454.1444846385352,945.1630842138354,1014.7872560612534
2012-05-25,2837.634977827292,1574.2460701882262,2438.7278001065797,951.1110036509592,1014.7928937682316
2012-05-29,2837.650742466058,1601.6368837254493,2481.1600092165413,934.5728861916394,1014.7985315065303
2012-05-30,2837.666507192405,1605.0155488208595,2486.394034983836,936.9182040184729,1014.8041692761498
2012-05-31,2837.6822720063337,1587.9506099058328,2459.9580528795764,926.9566478880056,1014.8098070770903
2012-06-01,2837.7002890366325,1690.6301806368108,2619.0230989271145,986.8952344108907,1014.8162503139606
2012-06-04,2837.7183061813244,1663.5081745120178,2577.0073101735275,1002.3453178268343,1014.8226935917404
2012-06-05,2823.9756898339824,1655.7847720618886,2565.0426773100703,1007.0117749462038,1014.8291369104298
2012-06-06,2822.2486415630724,1654.7721499497782,2563.473983735049,1007.6404168379322,1014.8355802700293
2012-06-07,2821.702110888013,1600.2681057247162,2479.0395802532576,974.8543243308601,1014.8420236705389
2012-06-08,2821.720026456971,1610.984452790081,2495.6407037998265,981.3825285911176,1014.8484671119588
2012-06-11,2821.7379421396786,1587.3687988525385,2459.0567460146913,966.9963006842534,1014.8549105942897
2012-06-12,2890.3871020238003,1626.3048598731414,2519.3741615926997,990.7154428298564,1014.8613541175315
2012-06-13,2890.387102024347,1625.6749894326438,2518.3984040013065,990.7154428298564,1014.8677976816847
2012-06-14,2889.8273762826852,1619.8237623276425,2509.334033140913,994.2938659058494,1014.8742412867493
2012-06-15,2889.8457243930106,1618.5062074972661,2510.4032412784477,993.8828308227962,1014.8806849327257
2012-06-18,2889.8640726198323,1646.7767141629909,2466.585814891038,1011.2430184482222,1014.8871286196139
2012-06-19,2893.5376420635093,1648.5407266812342,2470.2146339737624,1009.7681278560899,1014.8935723474146
2012-06-20,2918.4475984264923,1662.732723691145,2491.4802770554284,1001.088034043377,1014.9000161161279
2012-06-21,2917.8824387475743,1749.2959365956829,2621.1887591206837,948.9832926328012,1014.906459925754
2012-06-22,2903.619777602813,1748.957184058069,2633.510223148708,944.5344423221069,1014.9129037762932
2012-06-25,2942.716257345373,1772.1566435837647,2667.9163437395337,957.252351362461,1014.9193476677456
2012-06-26,2942.1463980215167,1800.4758042252427,2710.5497936605275,941.5846611378423,1014.9257916001118
2012-06-27,2942.165078316107,1792.866804593508,2720.9550611559903,937.9820595275519,1014.9322355733916
2012-06-28,2942.1837587293026,1754.3696636912307,2661.441264150932,917.8413404579419,1014.9386795875856
2012-06-29,2942.2024392611033,1811.8611905831917,2748.6579580872435,947.9194371237221,1014.945123642694
2012-07-02,2942.289418317961,1812.2771260800687,2749.2889470501314,948.1370439323973,1014.9515677387171
2012-07-03,3056.6375874133378,1882.708868780335,2856.136409251542,984.9851302014076,1014.958011875655
2012-07-05,3102.123406584703,1910.725456520505,2898.63857070337,969.9460818685176,1014.964456053508
2012-07-06,3194.261438765275,1967.477061961937,2984.7327774458904,941.1494475204918,1014.9709002722767
2012-07-09,3178.6228936791617,1976.3474788282886,2998.18951576446,936.918204018473,1014.9773445319607
2012-07-10,3071.575074836033,1908.9986566768482,3099.198876169533,905.3652167605605,1014.9837888325608
2012-07-11,3014.811023862023,1873.7195264531779,3040.6846478188895,888.633671026863,1014.9902331740772
2012-07-12,2997.584938912978,1863.013431949112,3023.310725661909,883.5561788244403,1014.99667755651
2012-07-13,2997.004454225667,1890.2375017176105,3067.4901291572232,896.4675161391722,1015.0031219798594
2012-07-16,2997.023482825376,1884.4256217336315,3058.058571235797,893.7111632292857,1015.0095664441259
2012-07-17,2997.0425115459016,1863.4212833529707,3023.9725896627883,883.7496070988184,1015.0160109493096
2012-07-18,2997.061540387245,1838.4403952508821,2983.433436460555,871.9021252931653,1015.0224554954108
2012-07-19,2997.080569349406,1856.7427192447517,3013.134570916314,880.5822191058784,1015.0289000824297
2012-07-20,2987.1379050354894,1862.5545993340593,3022.566129008668,883.338572015765,1015.0353447103666
2012-07-23,3057.4104550016095,1818.761572345732,2951.498510314963,862.5692110544263,1015.0417893792219
2012-07-24,3056.1874908566438,1818.7615723460763,2951.498510315521,862.5692110544263,1015.0482340889957
2012-07-25,3149.308043717511,1874.178356704255,3041.429240635855,888.8512778355381,1015.0546788396881
2012-07-26,3085.1227107377695,1835.9811526776562,2979.4425610749386,906.6225005440175,1015.0611236312997
2012-07-27,3062.0421850998105,1822.2457476262787,2957.152653390433,913.4166686815449,1015.0675684638306
2012-07-30,3061.4492182159447,1798.1993070675187,2918.1299279454365,925.4817572958731,1015.0740133372811
2012-07-31,3123.261320585529,1834.865437697317,2977.631971301943,906.6225005440174,1015.0804582516515
2012-08-01,3163.365218751949,1810.5944003375762,3015.8659316071867,894.9926255470397,1015.0869032069419
2012-08-02,3183.6592660745737,1799.0018225472004,3035.2137216037127,889.2623129185914,1015.0933482031526
2012-08-03,3126.0494860892404,1831.5784331462828,2980.2901320810024,905.3652167605603,1015.0997932402839
2012-08-06,3125.444124141062,1831.2237465383243,2914.824469277811,925.2641504871978,1015.1062383183361
2012-08-07,3088.1060877310774,1809.3470799887768,2880.585558964523,936.1444909209608,1015.1126834373094
2012-08-08,3105.1339535649586,1819.3238484189087,2896.469153318985,930.9944631156465,1015.119128597204
2012-08-09,3104.5326419261473,1841.7481423361494,2859.6465681519453,942.8419449212994,1015.1255737980205
2012-08-10,3104.552353244508,1827.385254907646,2838.489449829246,949.8295413332049,1015.1320190397588
2012-08-13,3104.572064688021,1851.4578984351378,2875.8816442221787,937.3292391015264,1015.1384643224193
2012-08-14,3104.591776256685,1864.4239916041277,2896.0219614141006,930.7768563069714,1015.1449096460021
2012-08-15,3104.6114879505026,1864.0629444278718,2884.2477574273953,934.5728861916397,1015.1513550105078
2012-08-16,3104.6311997694734,1864.0747797481536,2786.2350354335545,966.3434802582274,1015.1578004159363
2012-08-17,3124.4018222388436,1875.9454066773076,2804.5353245416713,960.0087042723476,1015.164245862288
2012-08-20,3103.8246153146856,1887.5737647636615,2786.0647477776843,966.3434802582273,1015.1706913495633
2012-08-21,3103.2235572302593,1919.8779268956469,2738.419082594083,982.881597717547,1015.1771368777622
2012-08-22,3173.4447490236466,1963.7057961013147,2675.9399474983106,1005.3192775453958,1015.1835824468851
2012-08-23,3171.460344283823,1964.1731857613293,2677.647234878022,1004.6906356536673,1015.1900280569324
2012-08-24,3178.8637001325556,1967.9726196716156,2682.826790213433,1007.0359534805009,1015.196473707904
2012-08-27,3136.6569397560907,1941.8432361493024,2647.206065908274,993.6652240141211,1015.2029193998004
2012-08-28,3135.359444345234,1941.039982004556,2646.1110345458783,993.2541889310678,1015.209365132622
2012-08-29,3100.556039535313,1919.4938717594343,2616.7384298598695,982.2287772915214,1015.2158109063687
2012-08-30,3099.955614413164,1905.649550479562,2597.8652424736747,975.1444667424269,1015.2222567210409
2012-08-31,3226.236187172935,1905.2805199413197,2597.3621638207974,1015.063226867188,1015.2287025766391
2012-09-04,3216.0922401416533,1905.2903487693989,2597.3755629113252,1011.871660339951,1015.2339398675651
2012-09-05,3225.621401999303,1905.3001776481824,2597.388962070975,1014.86979859281,1015.2391771855089
2012-09-06,3307.695152892444,1856.4597041298944,2597.402361299748,1040.692473222274,1015.2444145304706
2012-09-07,3218.9530875551654,1807.39537869333,2528.236201978085,1068.2076452525453,1015.2496519024505
2012-09-10,3279.8972241468073,1772.471822484615,2479.3841355461554,1047.9943905800435,1015.2548893014485
2012-09-11,3299.470547867381,1783.7583266517622,2495.172019462174,1054.6676660460848,1015.260126727465
2012-09-12,3312.707763883215,1790.9146245933196,2505.1824531178504,1058.8989095481038,1015.2653641804999
2012-09-13,3312.0623117126243,1879.448249004634,2629.0258118913125,1111.245436301652,1015.2706016605533
2012-09-14,3225.1013788576297,1829.7258931687102,2559.4727624844354,1140.2113203897586,1015.2758391676256
2012-09-17,3221.783579229581,1827.8435759406123,2556.8397234627664,1141.3960685703237,1015.2810767017166
2012-09-18,3197.0427938342855,1813.8071627128404,2537.2051883263357,1150.1728765202256,1015.2863142628267
2012-09-19,3169.9913097781864,1798.4597999444745,2515.7368595847156,1159.9168258420177,1015.291551850956
2012-09-20,3169.3736646620196,1811.9369064860439,2534.589020577262,1151.2367320293044,1015.2967894661044
2012-09-21,3169.390014605528,1797.951467951311,2515.0257902952344,1160.1344326506928,1015.3020271082725
2012-09-24,3169.406364633381,1855.4136325842912,2595.4055049839785,1123.0687395730072,1015.3072647774599
2012-09-25,3117.938069539842,1824.9123098765185,2552.7393848936654,1105.0557315215553,1015.3125024736671
2012-09-26,3132.3325417479205,1833.3373167050133,2564.5245247235084,1110.1574022582754,1015.3177401968942
2012-09-27,3039.6967986866507,1779.1181166835008,2488.681161421461,1142.5566382165916,1015.3229779471413
2012-09-28,3056.645741042628,1789.038241091031,2502.5577143610712,1136.1976836964145,1015.3282157244086
2012-10-01,3056.051393275091,1780.0352626395627,2489.9640913414714,1141.927996324863,1015.3338564367183
2012-10-02,3056.068371338387,1779.6891446808208,2506.177130405959,1134.5051862956068,1015.3394971803651
2012-10-03,3056.0853494960056,1752.4417782797427,2544.0737726181796,1117.3626054788558,1015.3451379553495
2012-10-04,3139.9888164218246,1800.9047772981055,2613.4113750504057,1148.2627723107425,1015.3507787616716
2012-10-05,3108.715211519765,1818.1410444348478,2638.424055990789,1136.826325588143,1015.3564195993314
2012-10-08,3108.1107391332316,1832.546129806433,2659.3282228536,1127.8319108295657,1015.3620604683293
2012-10-09,3108.1280064151156,1872.9920360163349,2718.021937643875,1102.9521990376945,1015.3677013686653
2012-10-10,3127.8107006759847,1884.4784457464075,2700.2962450273317,1110.1574022582754,1015.3733423003395
2012-10-11,3133.7372937945916,1880.1748727375684,2695.209711969566,1112.2609347421364,1015.3789832633524
2012-10-12,3133.127956003298,1911.3399138120858,2739.884450790891,1093.836891607631,1015.3846242577038
2012-10-15,3133.145362269721,1910.2626797429054,2738.3402477662585,1094.4655334993597,1015.3902652833941
2012-10-16,3074.342635382277,1874.7930102278053,2687.4948720814664,1114.7996808433477,1015.3959063404236
2012-10-17,3045.7050688045565,1857.3292737425038,2662.460800588994,1125.1964505911656,1015.4015474287922
2012-10-18,3045.1128483898997,1912.9456674606163,2742.1862807383623,1091.5157523150951,1015.4071885485004
2012-10-19,3055.1614512667743,1918.875629474134,2750.6868151525746,1095.335960734061,1015.412829699548
2012-10-22,3098.2555358403038,1891.0630104600207,2710.8177359679335,1110.7860441500043,1015.4184708819351
2012-10-23,3097.653097279544,1946.2422579959157,2789.9165719402376,1078.386808191688,1015.4241120956624
2012-10-24,3097.670306463418,1978.7732562366116,2836.5493951258427,1060.3738001402362,1015.4297533407297
2012-10-25,3190.4979155624,2037.6752234974385,2920.9847083072955,1092.3620010154993,1015.4353946171373
2012-10-26,3168.8178684170316,2050.729189844698,2939.697423485554,1084.9391909862431,1015.4410359248851
2012-10-31,3168.2017094030716,2115.9936380675695,2844.998351133531,1119.901351580068,1015.4466772639737
2012-11-01,3218.5671124974674,2149.2087252129077,2890.7947380847318,1101.888343528616,1015.453124544464
2012-11-02,3358.3737321403682,2055.020006804985,2764.106134801868,1054.0390241543564,1015.4595718658896
2012-11-05,3357.7233804187313,2041.3494147146803,2745.7184951010095,1047.0272492081535,1015.4660192282505
2012-11-06,3419.547793867218,2079.344231665621,2796.823450905333,1066.5151478517375,1015.4724666315471
2012-11-07,3466.061706261925,2107.628215765388,2834.8668440148504,1081.0222684300882,1015.4789140757796
2012-11-08,3440.609584331247,2092.151396574523,2814.049737256264,1088.541792596533,1015.4853615609483
2012-11-09,3487.500162634055,2120.664422094527,2852.401202692427,1073.7203510723184,1015.4918090870533
2012-11-12,3442.7548632475605,2093.4558887497606,2815.8043453926493,1060.3738001402357,1015.4982566540951
2012-11-13,3404.995717806139,2070.4954664953752,2784.921412963364,1048.743925143258,1015.5047042620737
2012-11-14,3404.336337700212,1974.7395263057529,2656.124816898412,1000.2417853429728,1015.5111519109896
2012-11-15,3313.5457688726865,1922.4699577300657,2585.8195961778943,973.7662902874832,1015.517599600843
2012-11-16,3345.9621412849106,1941.2774547281508,2611.1166335111216,983.2926328006,1015.524047331634
2012-11-19,3248.0753285149876,1884.4849822728368,2534.72787768175,1011.6782320655726,1015.530495103363
2012-11-20,3278.080653449882,1901.8936253950012,2558.143385605376,1002.3453178268338,1015.5369429160304
2012-11-21,3277.445850546252,1872.1892187898382,2518.189452185704,1018.0130080514522,1015.5433907696361
2012-11-23,3228.414458142919,1844.555246880874,2481.0203584398646,1033.0520563843424,1015.5498386641806
2012-11-26,3231.70457212087,1841.9610403909735,2477.5310191390636,1032.0123794095605,1015.5562865996641
2012-11-27,3231.078749981962,1795.828943250036,2415.481008776006,1006.1655262457994,1015.5627345760869
2012-11-28,3256.2879971125285,1810.199372727472,2434.809965256617,1014.216978166784,1015.5691825934492
2012-11-29,3266.4573472017637,1803.8450477113763,2426.2630758339574,1017.384366159724,1015.5756306517513
2012-11-30,3265.8247951605554,1822.2587884562902,2451.030491036304,1007.0117749462033,1015.5820787509934
2012-12-03,3265.84553055608,1863.6720402811713,2506.733415120834,984.138881501004,1015.588526891176
2012-12-04,3277.147524560907,1869.7488483461966,2514.907030169314,987.7414831112942,1015.594975072299
2012-12-05,3186.498920681663,1920.7434884385661,2583.4974074184775,960.4197393554007,1015.6014232943629
2012-12-06,3199.173681026248,1927.6152260437016,2592.740243015312,964.2399477743664,1015.6078715573677
2012-12-07,3227.9726618954487,1944.9676299932755,2616.080106399488,972.9200415870794,1015.6143198613141
2012-12-10,3227.3475624438984,1969.9570241504555,2649.6921089425846,985.4203438187579,1015.620768206202
2012-12-11,3227.3680535395324,1978.5227870801791,2637.1444939742423,980.7538866993885,1015.6272165920317
2012-12-12,3227.388544765269,1922.9914317270434,2711.194924349977,1008.2932372639573,1015.6336650188036
2012-12-13,3311.5279589610755,1973.5092470761292,2781.3347097058886,981.8177422084676,1015.6401134865179
2012-12-14,3305.209058003579,1976.5106607380956,2785.5647055919376,983.7036678836531,1015.6465619951749
2012-12-17,3304.569001663014,1972.2959166834512,2790.425836201014,985.4203438187578,1015.6530105447747
2012-12-18,3304.5899830535004,2004.550549509529,2744.8270628513974,969.3174399767888,1015.6594591353179
2012-12-19,3304.610964577202,2022.076446306996,2720.863742325826,960.854952972751,1015.6659077668045
2012-12-20,3304.63194623412,2021.6848696085626,2705.8695515588133,955.559853961653,1015.6723564392347
2012-12-21,3304.6529280242544,2019.976182622564,2703.0414317987265,956.1884958533814,1015.6788051526089
2012-12-24,3304.6739099476063,2012.237998297651,2692.686540975222,959.8636330665637,1015.6852539069272
2012-12-26,3304.6948920041773,2002.8356992748227,2680.104806580775,964.3608404458523,1015.6917027021901
2012-12-27,3304.7158741939675,2002.447848562225,2664.415020126482,970.0186174714091,1015.6981515383976
2012-12-28,3304.7368565169777,2002.460562516819,2689.154415262152,961.0242027128319,1015.7046004155501
2012-12-31,3304.7578389732093,2002.4732765521364,2688.6336583889733,992.1903334219883,1015.7110493336479
2013-01-02,3251.470183326066,1970.184342959147,2645.280713474236,1008.0030948523902,1015.7174982926911
2013-01-03,3386.4369612458536,1887.6399967175707,2534.452014677847,966.1742305181461,1015.7239472926802
2013-01-04,3397.0315258253027,1894.3005882978402,2543.3949009161734,969.5834038540584,1015.7303963336153
2013-01-07,3334.514151946657,1928.4287429387048,2496.5874548466268,951.7396455426873,1015.7368454154966
2013-01-08,3344.933714308572,1933.6832518276292,2504.38869589476,954.7136052612493,1015.7432945383247
2013-01-09,3326.97479404787,1923.3013231273758,2490.9426545878778,949.5877559902322,1015.7497437020995
2013-01-10,3326.330522755356,1968.354977573509,2549.2934019489053,971.8320075437031,1015.7561929068213
2013-01-11,3326.35164231423,1969.7473704678785,2548.7997292712494,970.768152034624,1015.7626421524903
2013-01-14,3335.256144072624,1975.4142495986812,2548.815912126673,967.9876205904401,1015.7690914391071
2013-01-15,3310.2226356717483,1960.5873376385841,2548.832095084845,975.2653594139126,1015.7755407666717
2013-01-16,3309.5816084479143,1975.242757702779,2548.8482781457665,967.98762059044,1015.7819901351845
2013-01-17,3293.5435910785864,1965.2758117987712,2536.4967250514596,963.4904132111513,1015.7884395446457
2013-01-18,3299.411783505765,1968.7773949165276,2541.016067353116,965.2070891462562,1015.7948889950554
2013-01-22,3298.772849811978,1999.3545997424008,2580.480746782039,980.1977804105516,1015.801338486414
2013-01-23,3387.50013844921,2052.731488537933,2510.590076101579,953.6497497521702,1015.8077880187217
2013-01-24,3492.409481698253,1988.3643003659447,2432.8701203634855,924.1277593752268,1015.814237591979
2013-01-25,3491.733173848014,1930.3588516425423,2361.897349935315,897.1686936337921,1015.8206872061859
2013-01-28,3455.1821266524853,1910.5381560948142,2337.645668312378,887.9566720665395,1015.8271368613428
2013-01-29,3515.9594647833387,1944.1449007665838,2378.7653187404135,903.5760052225636,1015.8335865574497
2013-01-30,3536.236717869214,1955.3571796859849,2392.484141975759,898.0149423341957,1015.8400362945071
2013-01-31,3569.1294644612653,1936.4118677292179,2369.3035390187956,889.6733480016441,1015.8464860725152
2013-02-01,3515.0443718074243,1965.776957620085,2405.233297848267,903.16497013951,1015.8521296641045
2013-02-04,3503.038514926122,1958.2764109843351,2396.055977679548,906.2598225295582,1015.857773287047
2013-02-05,3502.3573685659185,1962.2166034316722,2400.877013981519,904.4464324572643,1015.8634169413432
2013-02-06,3502.3768261068553,1950.173556916738,2386.141702138041,910.007495345632,1015.8690606269929
2013-02-07,3502.3962837558897,1946.0499990574585,2381.0963084425375,911.9417780894121,1015.8747043439964
2013-02-08,3524.0210919077394,1958.4546851291584,2396.274105635323,906.1389298580718,1015.880348092354
2013-02-11,3595.5242400506236,1998.1921531606301,2444.8950241535613,887.7632437921612,1015.8859918720656
2013-02-12,3594.8251103554467,1978.513792541522,2420.8174969322395,896.5158732077659,1015.8916356831315
2013-02-13,3652.4133020404665,2010.604786620796,2460.0825454014052,881.9845740951182,1015.8972795255521
2013-02-14,3637.835419638885,2017.8478144625292,2450.2636144427947,885.5146401025168,1015.9029233993273
2013-02-15,3767.599876558416,2089.0188988056525,2537.666448974935,853.9374743103069,1015.9085673044574
2013-02-19,3816.7129183940883,2060.9748224748296,2570.746532464941,842.8153485335715,1015.9142112409424
2013-02-20,3815.970779790351,1962.1180380392414,2446.4097249720967,802.3888391885682,1015.9198552087827
2013-02-21,3815.991979628017,1993.5133447713351,2485.5540487175876,815.2276409004085,1015.9254992079783
2013-02-22,3816.0131795834595,2000.6016972126588,2475.7495385395873,812.0118958388741,1015.9311432385294
2013-02-25,3873.5400802082604,2030.3609094260562,2513.5669375495,824.4154839333638,1015.9367873004363
2013-02-26,3924.7752798643414,2002.7158006382954,2479.3425633945044,835.3200029014239,1015.942431393699
2013-02-27,3847.41126484597,1962.437771336859,2528.2421824346397,818.854421044996,1015.9480755183179
2013-02-28,3755.960414550619,1915.7917045437748,2467.1359607379945,799.390700935709,1015.953719674293
2013-03-01,3755.231579393915,1904.4923465115128,2452.5847689416573,794.675886747745,1015.9597670178624
2013-03-04,3755.25393196284,1904.1227843158,2373.3367337100885,768.9982833240646,1015.965814397428
2013-03-05,3749.780033923855,1901.3472132987943,2370.3518738335806,768.0311419521746,1015.9718618129898
2013-03-06,3909.144203952465,1982.1537187050592,2471.0908920244588,800.6721632534633,1015.9779092645482
2013-03-07,3959.9221414368835,2007.900959625757,2503.1891959720765,789.961072559781,1015.9839567521034
2013-03-08,3943.849375763656,2015.2714896931295,2493.029103943597,793.1768176213154,1015.9900042756556
2013-03-11,3943.084081202332,2008.7597147111999,2501.1142952980676,790.6138929858067,1015.9960518352046
2013-03-12,3943.1075519409105,2060.4238913565737,2436.8168093149034,810.9480403297948,1016.0020994307513
2013-03-13,4052.641209369303,2117.2473154911386,2504.995314961578,788.2685751589734,1016.0081470622955
2013-03-14,4008.8092532232035,2139.3250310723884,2531.1162946371414,796.8035977659031,1016.0141947298375
2013-03-15,3999.855250830009,2133.690944096335,2524.450393409714,798.5928093038997,1016.0202424333775
2013-03-18,3985.2496092936744,2125.899680881915,2515.232255449659,801.5184119538669,1016.0262901729158
2013-03-19,3993.273004348596,2130.1796971065132,2520.2961043973614,803.452694697647,1016.0323379484526
2013-03-20,3981.4962740265055,2123.8974940607663,2512.8633925539734,801.0831983365163,1016.0383857599879
2013-03-21,3980.7236741743995,2066.8539129819665,2579.378580536923,822.2877729152053,1016.0444336075223
2013-03-22,4007.949659925875,2081.4034411136086,2596.5042528703343,816.5091032181624,1016.0504814910556
2013-03-25,4057.9632254477856,2107.376423863495,2628.904968098193,806.3299402790196,1016.0565294105884
2013-03-26,4057.175787366207,2090.609191573354,2648.8014493053806,800.2369496361125,1016.0625773661205
2013-03-27,4057.199937222084,2124.718896924979,2605.6159924432877,813.293358156628,1016.0686253576523
2013-03-28,4057.2240872217094,2132.295397608782,2615.9495627336173,810.0776130950935,1016.0746733851842
2013-04-01,4103.564344682407,2157.076221309041,2615.4409058874135,800.672163253463,1016.0803182444808
2013-04-02,4272.510986926303,2067.4290083171345,2507.2673297790484,767.71682100631,1016.0859631351377
2013-04-03,4271.680220922654,1974.0587271653424,2394.0328464848767,733.0448028240522,1016.0916080571551
2013-04-04,4391.150938943234,2029.6641816759231,2461.4681677902395,753.6932711139046,1016.0972530105332
2013-04-05,4372.838042724454,2037.339397939415,2470.776259583972,750.5500616552621,1016.1028979952722
2013-04-08,4320.71672011783,2012.2407303737523,2440.33793790269,741.6040039652793,1016.1085430113724
2013-04-09,4489.054498432824,2090.6388656666445,2535.4150034486884,770.497352450494,1016.1141880588336
2013-04-10,4656.210013189357,2168.4863981219805,2629.8243273209778,741.5072898280902,1016.1198331376562
2013-04-11,4713.6521035130245,2195.238282421384,2596.3583626804743,732.3678038637294,1016.1254782478404
2013-04-12,4432.433347018487,2064.2693083785935,2442.4969128888265,688.967334800164,1016.1311233893862
2013-04-15,4001.5563360001465,2264.1342348598764,2678.9822706587024,621.9927947967792,1016.1367685622939
2013-04-16,4030.1771223595047,2281.23391278997,2699.215052489118,617.3021591431124,1016.1424137665638
2013-04-17,4237.010987552547,2163.270914011879,2559.6381769423383,585.6282792137138,1016.1480590021959
2013-04-18,4365.290139396289,2229.63110842919,2638.1572777908104,603.5929301965712,1016.1537042691904
2013-04-19,4425.792880024122,2197.861434237605,2600.5665764121322,611.9587030634199,1016.1593495675473
2013-04-22,4424.932309208701,2167.14532020721,2564.22247470473,620.5179042046467,1016.1649948972673
2013-04-23,4424.956892165974,2215.8085695318523,2621.802091746045,606.5910684494302,1016.1706402583501
2013-04-24,4424.9814752598195,2361.094254536166,2793.7078773282096,646.6065427113803,1016.1762856507961
2013-04-25,4374.341231722795,2333.6012684995094,2761.177464146136,653.8842815348529,1016.1819310746052
2013-04-26,4527.566180380753,2250.9520937105513,2663.3848198165056,630.9872095553562,1016.1875765297779
2013-04-29,4588.731989528749,2282.262037488998,2700.4315562627526,639.7640175052583,1016.1932220163142
2013-04-30,4657.753733322794,2316.5908468380526,2741.050292644623,649.387074155564,1016.1988675342142
2013-05-01,4656.849907324266,2367.6162707998546,2801.4248958999683,634.831596508619,1016.204916336997
2013-05-02,4656.877626668952,2373.956657243104,2808.927005363739,633.1390991078114,1016.2109651757847
2013-05-03,4656.905346178634,2369.9959898078528,2812.523238411175,634.2029546168903,1016.2170140505773
2013-05-06,4656.933065853314,2369.5360977408523,2818.206186433435,635.4844169346446,1016.2230629613751
2013-05-07,4656.9607856929915,2369.5502021223865,2737.5726589191245,617.3021591431119,1016.2291119081783
2013-05-08,4656.988505697668,2497.155066485709,2885.543758445796,650.6685364733182,1016.2351608909872
2013-05-09,4735.71623130169,2538.8707585235943,2933.747595045566,639.5464106965828,1016.2412099098019
2013-05-10,4748.484258632372,2545.715841643152,2941.65731084046,637.829734761478,1016.2472589646228
2013-05-13,4747.56282659189,2611.463829484836,3017.631245536448,621.3641529050502,1016.2533080554499
2013-05-14,4747.591085894429,2582.5760947822578,3049.8408318528454,614.7392345076034,1016.2593571822836
2013-05-15,4747.619345365179,2463.833460807557,3190.1038434730026,586.4745279141173,1016.265406345124
2013-05-16,4747.647605004139,2472.8737466552507,3200.5329155069016,588.6264174665725,1016.2714555439711
2013-05-17,4747.675864811312,2574.40447072445,3067.8840067177953,564.2302763606464,1016.2775047788255
2013-05-20,4747.704124786697,2414.3622335301134,3258.640761911455,599.3133296259574,1016.2835540496873
2013-05-21,4747.732384930297,2475.5609243114163,3339.93657382417,584.1292100872839,1016.2896033565568
2013-05-22,4747.760645242111,2440.238414471035,3292.280730925466,592.4708044198355,1016.2956526994337
2013-05-23,4714.316854290816,2423.537132690181,3269.747970248153,596.5327981817737,1016.301702078319
2013-05-24,4780.295450709942,2388.6782762780736,3222.7176716563827,588.1912038492222,1016.3077514932122
2013-05-28,4779.367845783539,2366.0944805758863,3192.248437592799,582.6301409608544,1016.313800944114
2013-05-29,4779.396294401669,2475.576794962398,3339.957985928045,609.5892067022891,1016.3198504310243
2013-05-30,4516.703483537724,2339.0150756433663,3155.7138914043726,642.9797625667926,1016.3258999539435
2013-05-31,4601.000662623517,2382.6691196678466,3214.6103365699246,630.9872095553561,1016.3319495128718
2013-06-03,4463.700156776094,2311.566831408038,3118.6817206714577,649.8222877729145,1016.3363858824928
2013-06-04,4548.940725531791,2355.709418164657,3178.237289885594,637.4186996784248,1016.3408222714787
2013-06-05,4548.050793896961,2355.2485591514974,3164.4010114391526,640.1992311226087,1016.3452586798298
2013-06-06,4548.070646499634,2355.258839998383,3123.197488091017,648.5408254551602,1016.3496951075464
2013-06-07,4548.090499188963,2355.2691208901447,3256.1961404440544,620.9289392876998,1016.3541315546283
2013-06-10,4548.110351964951,2355.2794018267837,3255.5591147869986,621.9927947967789,1016.3585680210756
2013-06-11,4548.130204827599,2355.2896828083,3255.573325560912,602.3114678788166,1016.3630045068883
2013-06-12,4576.4326053177765,2369.9463326558503,3275.8323190231845,606.1800333663767,1016.3674410120667
2013-06-13,4623.162563779795,2394.145857314759,3309.2818465041782,612.369738146473,1016.3718775366109
2013-06-14,4698.932695432665,2433.38409397685,3363.5184686706875,602.0938610701414,1016.3763140805206
2013-06-17,4688.029291991693,2438.0784085815867,3370.0071335345147,603.4962160593818,1016.3807506437963
2013-06-18,4687.112149776906,2506.6722113591736,3273.875522281229,586.2810996397392,1016.385187226438
2013-06-19,4687.132609393434,2427.8270688509056,3172.2082368156225,568.0746633139094,1016.3896238284458
2013-06-20,4334.884645615669,2245.856285330272,2934.4445073679726,525.4962644164505,1016.3940604498196
2013-06-21,4389.733879143537,2274.2730728424144,2896.166862538397,532.1453613481945,1016.3984970905598
2013-06-24,4388.875093926662,2172.695973507598,3025.5452275694474,508.3778621339968,1016.4029337506662
2013-06-25,4363.992723169261,2160.8125896814204,3007.7870367038477,505.5973306898131,1016.4073704301388
2013-06-26,4107.362160358526,2033.7430489660205,2830.9100048183377,475.86498706448367,1016.411807128978
2013-06-27,4106.558616909017,2084.0355971247423,2900.9157402148116,487.6326797069556,1016.4162438471838
2013-06-28,3799.532352574963,1927.8061768113146,2683.4490207897065,523.997195290021,1016.4206805847562
2013-07-01,3738.8988166325303,1897.0419420937142,2640.6261185076737,532.3629681568698,1016.4243106586152
2013-07-02,3738.1643900981535,1986.3158888249882,2764.892804557159,507.31400662491785,1016.4279407454388
2013-07-03,3809.928093856382,2024.0510812225202,2817.4190731761123,517.1546700838991,1016.4315708452272
2013-07-05,3687.021438779474,2088.550944137982,2907.2009693353266,500.4714814187959,1016.43520095798
2013-07-08,3686.297202444057,2131.44881133299,2966.91352815118,490.19560434246426,1016.4388310836976
2013-07-09,3734.652389380971,2158.9819061265944,3005.2387794922747,496.723808602722,1016.44246122238
2013-07-10,3730.653053739751,2156.6699122953955,3002.0205526513046,496.19188084818245,1016.446091374027
2013-07-11,3729.920246908758,2321.241834549844,3231.0997873457595,534.0554655576774,1016.449721538639
2013-07-12,3818.868945591383,2376.133044151113,3307.5067230772997,521.216663845837,1016.4533517162157
2013-07-15,3825.0965485645547,2371.3246952313366,3300.8136439931086,520.3704151454333,1016.4569819067575
2013-07-16,3824.34519033327,2499.0249681406467,3478.5686363854825,548.3933363959471,1016.4606121102642
2013-07-17,3934.050131466955,2570.212047207971,3577.658939090114,532.5563964312478,1016.4642423267359
2013-07-18,3949.795856208282,2580.49911780183,3591.97823624972,530.4286854130896,1016.4678725561727
2013-07-19,3949.0200034707686,2689.8009640980554,3438.422176152408,553.1081505839111,1016.4715027985744
2013-07-22,3706.925572365234,2524.364920327715,3228.3175970595044,586.9097415314678,1016.4751330539415
2013-07-23,3585.2407627427997,2441.4992520667706,3122.3437369077105,606.1800333663768,1016.4787633222736
2013-07-24,3584.536519039661,2560.5192047120695,3274.553983703616,576.6338644551362,1016.4823936035712
2013-07-25,3618.388918668703,2584.1886689722446,3304.8239923575848,582.1949273435039,1016.4860238978339
2013-07-26,3669.0304349363355,2620.3559344210175,3351.076980008292,590.3430934016775,1016.4896542050622
2013-07-29,3668.3097325480103,2644.97629023616,3318.274415691487,584.5644237046345,1016.4932845252557
2013-07-30,3668.322833654198,2667.7504910960592,3289.726576829024,579.5352885708063,1016.4969148584147
2013-07-31,3668.335934807175,2677.1187494473047,3278.1976420006044,577.5042916898371,1016.500545204539
2013-08-01,3668.349036006942,2676.592886849332,3277.5537103374886,559.6363548441687,1016.504175563629
2013-08-02,3668.362137253499,2615.115527921756,3277.5654158864536,546.8942672695175,1016.5078059356845
2013-08-05,3646.220630893781,2599.8542326535,3257.782681035043,543.7027007422803,1016.5114363207055
2013-08-06,3450.9945212893053,2460.652719975081,3083.354333675434,514.5917454483904,1016.5150667186922
2013-08-07,3439.4820180841707,2452.443992852891,3073.068276589565,512.8750695132856,1016.5186971296447
2013-08-08,3733.6183775773907,2662.1711971604063,3335.869800364834,556.7349307284986,1016.5223275535628
2013-08-09,3654.644888099788,2605.8609565934685,3265.309488105844,568.2922701225847,1016.5259579904468
2013-08-12,3456.4208136252882,2464.521813627228,3088.2025540613913,599.1199013515794,1016.5295884402967
2013-08-13,3455.741873840075,2534.658786594612,3176.088641274889,582.0740346720175,1016.5332189031125
2013-08-14,3455.7542157753387,2675.88650969229,2997.8735764601115,614.7392345076034,1016.5368493788942
2013-08-15,3251.8880390436307,2517.492088099501,2821.618841025757,650.8861432819934,1016.5404798676418
2013-08-16,3317.142306234397,2568.0095411591083,2878.2390775013478,637.8297347614779,1016.5441103693555
2013-08-19,3252.4401760511055,2517.919532258456,2822.097922766707,625.6437534756635,1016.5477408840353
2013-08-20,3371.471744291675,2610.0693934104524,2925.3799889362454,648.54082545516,1016.5513714116812
2013-08-21,3523.618773107779,2727.8560258755224,3057.3958879952625,619.0188350782166,1016.5550019522933
2013-08-22,3471.344312612142,2767.2533316865556,3101.5526028812997,628.206678111172,1016.5586325058715
2013-08-23,3470.662441425418,2843.618530441753,3187.143133483128,645.542687202301,1016.562263072416
2013-08-26,3501.0364519631053,2869.073597119383,3215.6733108277526,651.3213568993438,1016.5658936519269
2013-08-27,3346.896235569694,2868.5100291058734,3074.0967843384105,622.6456152228043,1016.5695242444042
2013-08-28,3256.049682765526,2790.0748619619426,2990.654969538321,605.744819749026,1016.5731548498478
2013-08-29,3282.432873520688,2812.6823417230635,3014.8877141926305,610.6530622113678,1016.5767854682579
2013-08-30,3325.9817725691837,2849.9989370884405,2973.7039861097423,602.3114678788163,1016.5804160996346
2013-09-03,3295.2945355909947,2823.703365209085,3001.1598057446076,607.872530767184,1016.5836433390507
2013-09-04,3313.768371189372,2839.5334013967604,3019.1851483362434,611.5234894460689,1016.586870588712
2013-09-05,3194.932855315632,2940.2445273504386,3126.268071045304,589.5935588384624,1016.5900978486186
2013-09-06,3194.3040114046958,2891.791663345479,3074.749688720176,599.3133296259572,1016.5933251187704
2013-09-09,3194.3141520523504,2928.9097037165543,3114.216115200164,591.6245557194314,1016.5965523991675
2013-09-10,3194.3242927321985,2815.4606729063503,3233.616933663521,568.94509054861,1016.5997796898101
2013-09-11,3194.3344334442386,2837.7153885963785,3208.0774465535474,573.4422979278986,1016.603006990698
2013-09-12,3194.344574188472,2677.625024033724,3207.4460154532912,541.091419038177,1016.6062343018311
2013-09-13,3194.3547149648975,2711.7249891222455,3207.456197821594,547.9823013128936,1016.6094616232098
2013-09-16,3194.3648557735164,2711.1912527888803,3207.4663802222217,543.3642012621187,1016.612688954834
2013-09-17,3194.374996614328,2711.1998597452384,3207.476562655175,553.7367924756395,1016.6159162967036
2013-09-18,2904.892942303414,2465.5043149584308,3207.4867451204527,603.810537005246,1016.6191436488187
2013-09-19,2996.4562889911335,2543.217962529759,3207.496927618056,584.7820305133096,1016.6223710111794
2013-09-20,2812.1450672003516,2386.785308505647,3010.8461511052883,549.0461568219728,1016.6255983837857
2013-09-23,2757.903410076203,2340.748142129374,2952.771876599811,538.4559587997769,1016.6288257666379
2013-09-24,2757.3605846570426,2333.7059271841854,2943.88836885933,536.8359970018612,1016.6320531597355
2013-09-25,2757.3693381827084,2333.2465946007846,2990.8251082986794,545.3951981430879,1016.6352805630787
2013-09-26,2757.378091736163,2333.254001732831,2947.4682863772236,537.4888174278869,1016.6385079766678
2013-09-27,2757.3868453174064,2333.261408888392,2946.888149777019,537.9240310452375,1016.6417354005026
2013-09-30,2745.8048289659855,2323.460871892367,2946.897504977494,535.7721414927821,1016.6449628345832
2013-10-01,2676.784870243025,2380.9499456189965,2946.9068602076686,522.3046978892135,1016.6481902789097
2013-10-02,2667.057189073807,2373.2497356609974,2936.786912751341,523.997195290021,1016.651417733482
2013-10-03,2689.841084415774,2352.041519864072,2910.542725441711,519.5241664450296,1016.6546451983
2013-10-04,2689.3116553905265,2344.2696138981655,2900.925350841456,517.8074905099248,1016.6578726733642
2013-10-07,2689.320192887845,2382.034509072434,2947.6576640248086,526.1490848424763,1016.6611001586742
2013-10-08,2689.328730412267,2381.565664196969,2855.2766822934273,509.65932445175133,1016.6643276542302
2013-10-09,2699.635447305322,2390.6928946413245,2866.7904413841593,511.71449986701765,1016.6675551600322
2013-10-10,2658.4342457561047,2426.237988822576,2909.414208102719,503.9048332890056,1016.6707826760801
2013-10-11,2657.9109983941808,2371.5994495679406,2973.788516820149,492.7585289779729,1016.6740102023743
2013-10-14,2657.919436206874,2379.8616458148304,2963.4472909057426,494.47520491307773,1016.6772377389146
2013-10-15,2657.9278740463537,2448.868439412864,2877.5375837075717,508.81307575134747,1016.6804652857011
2013-10-16,2713.2392475219376,2499.3395215024975,2937.994533056555,498.1261635919626,1016.6836928427336
2013-10-17,2571.154488900535,2629.2390838186293,3090.69255613339,524.2148020986963,1016.6869204100124
2013-10-18,2582.674065187094,2617.4759639612867,3076.864910255256,521.8694842718629,1016.6901479875374
2013-10-21,2525.4944760299486,2675.4426750748307,3145.0052644911143,533.426823665949,1016.6933755753087
2013-10-22,2414.128672633251,2556.3944857033493,3005.0631211630116,556.9525375371741,1016.6966031733265
2013-10-23,2493.8988019380067,2640.8655087230486,3104.359515949895,538.5526729369661,1016.6998307815904
2013-10-24,2588.0711275550834,2740.587456704704,3221.583500716768,559.1044270896293,1016.7030584001009
2013-10-25,2606.87392793042,2719.597764034555,3196.9099412483997,563.1664208515675,1016.7062860288576
2013-10-28,2606.360828948252,2698.948330264138,3172.6363589654584,567.446021422181,1016.7095136678607
2013-10-29,2606.369103109614,2776.3608474710654,3263.6354210726236,551.1738678401312,1016.7127413171104
2013-10-30,2652.3819688484227,2824.819477907782,3320.5989468671883,561.0145312991123,1016.7159689766065
2013-10-31,2541.156366680004,2942.1641241633783,3458.538560999782,537.4888174278873,1016.7191966463494
2013-11-01,2435.98930448409,2819.224286186079,3314.021752153008,515.2445658744164,1016.7228277863373
2013-11-04,2510.749372059856,2905.745765471124,3415.7284754470943,531.0573273048185,1016.7264589392937
2013-11-05,2544.0566148942303,2944.2929740864147,3461.0410419079453,523.8037670156432,1016.7300901052183
2013-11-06,2512.4854571223564,2907.7549751019196,3418.09031819005,530.3077927416036,1016.7337212841114
2013-11-07,2511.991933205973,2983.3431707767613,3506.9448750622546,516.5260281921707,1016.7373524759731
2013-11-08,2512.0009046057344,2982.7571569547176,3483.8233985176134,519.935201528083,1016.7409836808032
2013-11-11,2512.5677869501847,2983.4302746940307,3485.306356358301,519.7175947194078,1016.7446148986019
2013-11-12,2567.4075214255536,3048.547134402159,3561.3772493072256,508.37786213399716,1016.7482461293694
2013-11-13,2566.903209246817,3033.0550445909903,3543.279062280657,510.96496530380307,1016.7518773731055
2013-11-14,2566.9123767582782,3032.4592659368413,3444.0462802968227,525.2786576077756,1016.7555086298104
2013-11-15,2566.9215443024805,3032.470096148505,3501.4584438589472,516.5260281921708,1016.759139899484
2013-11-18,2516.4227016284917,2972.8125539696725,3431.8742408465982,506.4677579245144,1016.7627711821264
2013-11-19,2520.627351198659,2977.779777886047,3437.6085034338444,507.3140066249181,1016.7664024777376
2013-11-20,2520.1322279816945,2871.0554233955318,3314.403775117591,489.13174883338553,1016.7700337863179
2013-11-21,2557.142979926555,2870.4914660947275,3265.089117535758,481.8540100099129,1016.7736651078671
2013-11-22,2584.4020215640835,2839.338548350827,3230.3067205214966,476.7209071786065,1016.7772964423854
2013-11-25,2583.8943711800484,2831.691787932027,3221.607024747136,475.4370270074225,1016.7809277898725
2013-11-26,2583.903599374231,2760.3220278105773,3140.4098684952914,463.45414540970495,1016.7845591503288
2013-11-27,2600.0889080307875,2778.164468265966,3160.709158041803,466.4498658091344,1016.7881905237543
2013-11-29,2656.142328284243,2717.1806270307475,3228.8485813466946,476.50571822336104,1016.791821910149
2013-12-02,2655.619532029874,2882.5080375478633,3032.409130213989,447.51565560095725,1016.7950498206948
2013-12-03,2613.809571840212,2836.549453815272,2985.273491521715,440.5594912836381,1016.7982777414879
2013-12-04,2692.520371285711,2921.9677174798694,3075.1703476709185,453.8262530525397,1016.8015056725284
2013-12-05,2691.990414908776,2848.9410957872615,2998.3148436637166,442.4841026136993,1016.8047336138162
2013-12-06,2691.998960910093,2848.240563326655,2997.5775813601153,442.3752992093617,1016.8079615653513
2013-12-09,2692.0075069385402,2920.5822193036834,3073.7122059937637,453.61106409729416,1016.8111895271342
2013-12-10,2591.172119815225,2810.600920541892,3188.2500024812084,470.5142774245023,1016.8144174991643
2013-12-11,2683.0912998413955,2910.304112785035,3187.6224739254,453.8262530525397,1016.8176454814419
2013-12-12,2656.7163995024,2881.6957009373236,3187.632593361825,449.54665248192634,1016.8208734739673
2013-12-13,2669.362122439804,2866.844716268828,3171.842470743826,451.686452767233,1016.8241014767401
2013-12-16,2668.836724194271,2899.643476324486,3134.3057184852673,457.0347445537849,1016.8273294897605
2013-12-17,2689.554820230656,2876.5721160629532,3159.2640973076427,453.39829299547836,1016.8305575130288
2013-12-18,2730.1903834430714,2918.882630015987,3206.9963372178336,446.55093208249696,1016.8337855465446
2013-12-19,2729.6530126512357,2865.9717584620057,3263.8674397099853,438.634879953577,1016.8370135903082
2013-12-20,2726.4611903457276,2862.047342318557,3260.703726163877,439.0628400106383,1016.8402416443196
2013-12-23,2719.662048241048,2868.0579565951593,3267.5515627032873,440.1605454677335,1016.8434697085788
2013-12-24,2719.1267496929127,2959.5290377484675,3371.7637085831693,454.19860248071745,1016.8466977830859
2013-12-26,2714.7209326831558,2954.141789666675,3365.626067309968,454.8465871998838,1016.8499258678407
2013-12-27,2691.5334535356264,2978.211353746678,3336.8789562111497,458.7344955148817,1016.8531539628434
2013-12-30,2691.0036914091643,2896.8838071609184,3428.022009706702,446.207596895476,1016.856382068094
2013-12-31,2691.012234278026,2971.178977877768,3340.126724265129,457.65129717836487,1016.8596101835927
2014-01-02,2588.869435799494,2857.8076506224033,3214.01349993846,474.9341134940399,1016.8632418250576
2014-01-03,2608.907948457082,2879.9278139601356,3213.3821758743534,471.2613941342874,1016.8668734794926
2014-01-06,2622.2133862587034,2894.6154538304763,3230.4131092623984,473.85333301095267,1016.8705051468978
2014-01-07,2619.8183776183346,2891.971645718292,3227.4625990753984,473.4205372470319,1016.8741368272731
2014-01-08,2619.3037704502535,2851.0738531460265,3181.8203480155867,466.7255011001231,1016.8777685206187
2014-01-09,2619.313125106576,2850.513820796421,3133.2440693292124,459.60008704272326,1016.8814002269348
2014-01-10,2706.1796180598612,2945.0478176500346,3237.781135905732,474.93411349403976,1016.8850319462213
2014-01-13,2788.5933583114197,3034.7360276463232,3336.3842189180987,489.3977127106551,1016.8886636784782
2014-01-14,2856.3826164103425,3108.5088863627284,3417.489988699593,477.30844556202965,1016.8922954237054
2014-01-15,2818.927555715028,3148.0488177095053,3460.9601296807855,483.57068594501766,1016.8959271819032
2014-01-16,2789.9127370747883,3114.3871806154825,3423.952576549204,488.5514640102513,1016.8995589530716
2014-01-17,2704.8794020905443,3019.4642373704614,3319.5944356859372,503.4454411373579,1016.9031907372106
2014-01-21,2659.691822085716,2969.021218841635,3264.13745707528,511.8595710728013,1016.9068225343203
2014-01-22,2724.78972055621,3041.6901800558435,3344.02960360517,499.33509030682535,1016.9104543444007
2014-01-23,2792.043846014542,3116.7661433243397,3426.5680045689446,511.8595710728013,1016.914086167452
2014-01-24,2789.6698833418964,3114.116082332576,3423.654531505211,511.4243574554508,1016.9177180034739
2014-01-27,2789.121912486049,3011.64705990742,3311.0002425546136,494.5960975845641,1016.9213498524665
2014-01-28,2844.6028617317884,3072.156786724648,3377.524545098523,504.53347518073434,1016.9249817144301
2014-01-29,2926.1226046365814,2982.908957655359,3279.4056162141487,518.9922386904902,1016.9286135893647
2014-01-30,2925.547830568312,3051.1626535691776,3354.4436267215456,507.12057835054014,1016.9322454772703
2014-01-31,2925.5582789534205,3052.4937097336765,3355.906987864416,506.90297154186493,1016.9358773781468
2014-02-03,2925.5664055041952,3071.4386039521,3376.734976039863,503.75976208322237,1016.9387022000283
2014-02-04,2956.996131048602,3103.8211632183975,3339.8017039439537,509.2724679029955,1016.9415270297566
2014-02-05,2910.6680348468904,3151.2253230035744,3392.1458779718364,501.29355158490273,1016.9443518673318
2014-02-06,2905.614060438836,3144.493163786705,3384.8990251458417,500.42312435020176,1016.9471767127536
2014-02-07,2997.147146665684,3243.5514550510143,3491.5306176055283,516.1875287120093,1016.9500015660223
2014-02-10,2896.2893350237773,3134.401825187727,3607.647849052788,533.3542880630575,1016.9528264271377
2014-02-11,2786.6720953575978,3015.772628882347,3469.6644287625186,553.543364201262,1016.9556512961
2014-02-12,2882.359990158833,3119.327307790454,3588.8047055852253,534.5390362436227,1016.9584761729092
2014-02-13,2751.8692906525353,3259.315633437836,3749.862110672409,558.7417490751709,1016.9613010575652
2014-02-14,2700.917422211674,3197.6644859491043,3678.932097121182,569.0901617543942,1016.9641259500681
2014-02-18,2691.6375164959236,3186.677839450333,3666.2918946791624,571.0486230324715,1016.966950850418
2014-02-19,2691.106665777103,3278.3101685448714,3771.71543680535,554.6313982446383,1016.9697757586149
2014-02-20,2794.2755977357865,3403.335054969742,3626.3858283129557,576.005222563408,1016.9726006746587
2014-02-21,2780.669588177905,3418.5642977296307,3644.0637321674153,573.2005125849269,1016.9754255985495
2014-02-24,2780.121178356508,3396.087992376327,3620.104817828583,576.9723639352981,1016.9782505302874
2014-02-25,2742.6335696507504,3349.615366790803,3570.566709229229,569.3077685630695,1016.9810754698723
2014-02-26,2711.4169809176315,3311.4901259725193,3529.9266055932303,562.8279213714062,1016.9839004173042
2014-02-27,2710.882229248983,3300.1094573632363,3517.7952316844676,560.8936386276262,1016.9867253725832
2014-02-28,2710.8897594773975,3289.866855745941,3506.876995306286,559.1527841582241,1016.9895503357094
2014-03-03,2710.89728972673,3344.6363224114307,3565.2592311584576,568.4615198626657,1016.9923753066826
2014-03-04,2687.6403496988423,3316.6114257746294,3535.385722709389,563.6983486061073,1016.9952002855027
2014-03-05,2728.7953480120013,3367.3976619793557,3589.521981480312,572.3300853502258,1016.9980252721703
2014-03-06,2728.257168943264,3327.9441704133164,3547.4660114291823,578.809932541889,1017.000850266685
2014-03-07,2728.2647474354,3402.4761346367404,3626.914342383249,565.8502381585625,1017.0036752690468
2014-03-10,2728.2723259485874,3372.619422785207,3657.3098813109877,561.1112454363014,1017.0065002792559
2014-03-11,2728.279904482826,3390.785383291501,3637.630809244925,564.1335622234578,1017.0093252973122
2014-03-12,2728.2874830381165,3493.3867248241477,3527.5804125780173,581.2036074373169,1017.0121503232159
2014-03-13,2728.2950616144585,3585.524474370999,3526.884695347804,596.532798181774,1017.0149753569668
2014-03-14,2717.9227044894237,3571.176021530631,3513.4762821179975,598.6846877342292,1017.017800398565
2014-03-17,2807.1777802971797,3688.4514635430387,3628.856896655416,579.0275393505643,1017.0206254480105
2014-03-18,2767.3724011530207,3636.149749703734,3577.400225245039,571.0486230324714,1017.0234505053036
2014-03-19,2664.260886357301,3500.667836044475,3444.1073022897203,549.7715128508906,1017.0262755704438
2014-03-20,2663.7354349181746,3502.669273324906,3446.0764022087787,550.0858337967549,1017.0291006434315
2014-03-21,2663.742834183272,3501.9784691248083,3452.8925175990266,551.1738678401312,1017.0319257242666
2014-03-24,2663.750233468922,3337.3628736773085,3291.2748560832897,525.3753717449644,1017.0347508129491
2014-03-25,2679.0315465493486,3357.176018175124,3310.8143867768017,528.4944026693098,1017.0375759094792
2014-03-26,2572.890027483473,3224.166848201145,3179.6420350326525,507.55579196789057,1017.0404010138567
2014-03-27,2606.8406059344707,3266.7113519885934,3221.5990115078775,514.2532459682291,1017.0432261260818
2014-03-28,2638.5850081706903,3225.6429378356966,3181.097740295584,520.5154863512171,1017.0460512461543
2014-03-31,2691.2278194138175,3291.2884862010446,3245.836742593708,509.92528832902116,1017.0488763740743
2014-04-01,2681.546788186369,3301.832469940222,3256.235116962111,511.7628569356122,1017.052105100666
2014-04-02,2681.018991689227,3381.85892851933,3335.1564332565517,524.1664450301018,1017.0553338375074
2014-04-03,2681.0275028606284,3407.6711360272925,3308.3877986170437,519.9593800623802,1017.0585625845989
2014-04-04,2681.03601405905,3381.546958049992,3333.7718478748366,523.9488382214266,1017.0617913419404
2014-04-07,2683.345391993882,3383.7834293160995,3337.310230670803,524.5049445102634,1017.0650201095319
2014-04-08,2748.53337748096,3300.2472906039106,3254.9213851141976,537.2470320849146,1017.0682488873734
2014-04-09,2747.992396322136,3275.761458272311,3230.7718434979206,541.2364902439612,1017.0714776754651
2014-04-10,2748.0011201075213,3339.8780165639228,3294.007818970868,530.6462922217652,1017.0747064738068
2014-04-11,2708.3857563986917,3291.062139261936,3245.8623835013113,523.102589521023,1017.0779352823987
2014-04-14,2740.182842560333,3329.6999832833044,3283.969571752906,529.2439372325246,1017.0811641012407
2014-04-15,2739.6435049988163,3262.46405035613,3217.657063427896,518.5570250731397,1017.084392930333
2014-04-16,2765.2997064279343,3292.3638645856304,3186.9012619813243,513.6004255422033,1017.0876217696756
2014-04-17,2792.134499391345,3259.1183366832,3155.9954323257034,508.61964747696965,1017.0908506192684
2014-04-21,2791.5849364246196,3252.3013943485935,3149.3941872502205,507.55579196789057,1017.0940794791117
2014-04-22,2791.593798599021,3293.82277155063,3189.601772018947,514.0356391595537,1017.0973083492052
2014-04-23,2736.0354324846826,3227.6102690472603,3125.4843224892825,524.1664450301018,1017.1005372295492
2014-04-24,2774.2934408558326,3272.741972835132,3169.187998236311,516.8403491380349,1017.1037661201434
2014-04-25,2835.7403026488705,3345.228798030897,3239.381242417326,528.4944026693098,1017.1069950209882
2014-04-28,2782.4193554056783,3406.8129016003545,3299.0167418042183,518.5570250731396,1017.1102239320833
2014-04-29,2817.188244483463,3448.021436328071,3338.921382856886,525.0368722648028,1017.1134528534292
2014-04-30,2793.9657382107985,3475.086678205677,3311.39815188034,520.7089146255948,1017.1166817850254
2014-05-01,2793.416923526337,3516.9041937936922,3271.5740378461674,514.4466742426068,1017.1203143446032
2014-05-02,2793.4269000153495,3440.0688367248704,3343.072927179977,525.6896926908285,1017.1239469171545
2014-05-05,2783.123636297927,3439.393108935037,3354.75876779523,527.5272612974196,1017.127579502679
2014-05-06,2799.726432773345,3418.212007881785,3334.7698296302706,524.3840518387769,1017.1312121011773
2014-05-07,2799.1764865239097,3352.174070979576,3270.343948764858,514.2532459682287,1017.1348447126489
2014-05-08,2799.18648358279,3346.500166953162,3264.808550749792,513.3828187335278,1017.1384773370942
2014-05-09,2799.1964806773735,3345.84281872299,3260.657002015838,512.729998307502,1017.142109974513
2014-05-12,2799.206477807662,3345.8547681616283,3288.333993689611,517.0821344810072,1017.1457426249058
2014-05-13,2799.2164749736535,3318.4325281943284,3287.6880709574643,512.9476051161772,1017.149375288272
2014-05-14,2799.22647217535,3360.35286260691,3287.699812700575,519.4274523078404,1017.1530079646122
2014-05-15,2799.23646941275,3300.913583486778,3287.71155448562,510.2396092748852,1017.1566406539263
2014-05-16,2799.246466685855,3300.265189763842,3287.7232963126,505.5973306898131,1017.1602733562141
2014-05-19,2799.256463994664,3301.0255559883717,3287.735038181515,505.8149374984883,1017.1639060714762
2014-05-20,2799.266461339178,3293.924879256364,3287.746780092365,504.72690345511194,1017.1675387997119
2014-05-21,2799.276458719397,3309.5463676682616,3287.758522045151,507.1205783505398,1017.1711715409217
2014-05-22,2807.144838417838,3318.1871359501292,3287.7702640398725,505.5973306898131,1017.1748042951057
2014-05-23,2819.1124717504267,3302.737215426491,3287.782006076529,503.44544113735765,1017.1784370622638
2014-05-27,2818.5587175291475,3178.0637228744145,3287.793748155122,484.44111317971857,1017.1820698423961
2014-05-28,2818.5687838102813,3124.1971609224365,3287.8054902756508,476.23008293237217,1017.1857026355027
2014-05-29,2841.0156658577625,3149.7028840766675,3287.8172324381158,480.11799124737007,1017.1893354415835
2014-05-30,2874.179829918598,3111.6979226775074,3287.828974642517,485.7225754974728,1017.1929682606386
2014-06-02,2901.107168571192,3142.0951778714198,3319.289237227924,480.981164921782,1017.1966010926681
2014-06-03,2886.8067649579357,3126.60687405362,3302.927492196328,483.35549698977206,1017.2002339376718
2014-06-04,2886.2397136436903,3137.7961630481104,3314.7477854812714,481.62914964094836,1017.20386679565
2014-06-05,2886.250021642667,3137.179810246222,3259.8077226012947,489.61531951933034,1017.2074996666028
2014-06-06,2886.976165454651,3137.19101445983,3261.279810357214,489.39771271065507,1017.21113255053
2014-06-09,2903.5418799184695,3137.2022187134526,3260.6392018395145,486.593002732174,1017.2147654474318
2014-06-10,2965.57307958907,3204.8527716830527,3260.6508469795203,497.18320075436986,1017.2183983573082
2014-06-11,3015.7612567424117,3149.3560732372707,3204.8400525674865,505.59733068981313,1017.2220312801594
2014-06-12,2935.2561020111684,3066.5443713947325,3120.569410342698,518.895524553301,1017.2256642159854
2014-06-13,2923.7882507807303,3054.5635855891614,3108.3775522872647,520.9265214342702,1017.2292971647861
2014-06-16,2923.2139352462423,3069.7554343418096,3123.8370443938484,518.3394182644643,1017.2329301265614
2014-06-17,2923.2243752960107,3053.739829488545,3107.5392836115707,521.0474141057564,1017.2365631013118
2014-06-18,2923.234815383065,2975.965669259472,3028.394932207468,534.3214294349472,1017.2401960890371
2014-06-19,2762.4811172538757,2812.907403123791,2862.463976779911,563.601634468918,1017.2438290897375
2014-06-20,2789.521257040101,2840.4411331866363,2890.48278406939,558.0889286491448,1017.2474621034127
2014-06-23,2834.812876414034,2886.5595050519423,2842.4163740339245,567.3734858192893,1017.2510951300628
2014-06-24,2749.524462059139,2972.270769191855,2927.9538508203586,550.3034406054302,1017.2547281696882
2014-06-25,2778.1552735441824,3002.032129991248,2957.271466113507,556.0337532338785,1017.2583612222887
2014-06-26,2801.349857259017,2975.7890467909133,2981.961475790596,560.6760318189506,1017.2619942878645
2014-06-27,2800.799592122637,2975.810302426983,2980.7899909247494,560.6760318189506,1017.2656273664154
2014-06-30,2800.8095949783233,2921.93357427499,2926.8231060435937,570.831016223796,1017.2692604579416
2014-07-01,2800.820709302113,2941.882694985823,2946.805609395405,566.9382722019386,1017.2732972407213
2014-07-02,2800.831823670007,2966.5515504354416,2920.9401377124386,571.9190502671722,1017.2773340395198
2014-07-03,2800.8429380820057,2964.385158918038,2919.975430988694,572.1124785415503,1017.2813708543375
2014-07-07,2800.854052538109,3013.643886025104,2968.4962085542206,562.6103145627308,1017.2854076851743
2014-07-08,2843.3857967877066,3058.8041722505086,3012.9799443595666,571.2662298411466,1017.2894445320302
2014-07-09,2919.082657206347,2976.1731820076434,2931.5868566153626,586.4745279141174,1017.2934813949053
2014-07-10,2974.37988802738,3033.742366387856,2988.293591725868,575.1347953287067,1017.2975182737998
2014-07-11,2896.7522585404386,3111.729865438451,3065.1127528483407,590.1496651272996,1017.3015551687137
2014-07-14,2973.9175373772796,3193.3771460965736,3145.536868051971,574.4336178340864,1017.305592079647
2014-07-15,3059.6863014932965,3285.4751978194818,3236.255190353575,557.8713218404696,1017.3096290065997
2014-07-16,3111.7712268808655,3341.403719138029,3291.3458413273142,567.5910926279645,1017.313665949572
2014-07-17,3197.005261563866,3248.5698169522393,3381.4985759403407,583.1378901810967,1017.317702908564
2014-07-18,3196.3785470565217,3260.583438434264,3369.020204408774,580.9860006286415,1017.3217398835757
2014-07-21,3196.391231098375,3260.6093160809564,3369.0202044084067,580.9860006286415,1017.3257768746068
2014-07-22,3196.4039151905627,3259.970133160072,3332.706740484212,574.7237602456536,1017.329813881658
2014-07-23,3196.4165993330835,3246.426375590574,3332.053424179701,572.4509780217119,1017.3338509047289
2014-07-24,3196.429283525938,3193.087133842487,3332.066646613924,563.0455281800812,1017.33788794382
2014-07-25,3196.4419677691267,3284.956778593302,3332.079869100617,579.2451461592394,1017.3419249989308
2014-07-28,3196.45465206265,3265.294939225661,3312.8023931815173,582.4850697550711,1017.3459620700618
2014-07-29,3196.4673364065075,3287.142799086677,3334.9681220913326,578.5923257332137,1017.3499991572128
2014-07-30,3196.4800208006995,3322.0595806302335,3370.392915138395,572.4509780217119,1017.3540362603841
2014-07-31,3196.4927052452267,3246.785610752358,3445.4406559053496,559.7088904470608,1017.3580733795758
2014-08-01,3196.5041212906026,3211.1473740973697,3409.0000657385053,565.6326313498872,1017.3617068012663
2014-08-04,3196.5155373767498,3241.780119443512,3441.520227142839,560.2408182016002,1017.3653402359334
2014-08-05,3196.5269535036687,3259.2309178644273,3460.046244803679,563.4807417974318,1017.3689736835771
2014-08-06,3196.5383696713593,3182.990294765008,3379.108106848886,576.4404361807583,1017.3726071441973
2014-08-07,3196.5497858798217,3177.005121111903,3372.7541607355824,577.5284702241346,1017.3762406177942
2014-08-08,3196.5612021290567,3173.5696322682184,3369.1069965510806,578.157112115863,1017.3798741043678
2014-08-11,3196.572618419064,3196.056852784469,3343.9106639973584,582.4850697550711,1017.3835076039181
2014-08-12,3143.146543486276,3142.0001878414773,3288.690828332013,592.108126405377,1017.3871411164453
2014-08-13,3146.1210290189706,3144.973588531886,3291.8030482540053,591.5520201165402,1017.3907746419491
2014-08-14,3114.5149716266205,3113.379058372454,3323.5794238551557,585.8458860223891,1017.3944081804298
2014-08-15,3081.737368639092,3080.6134098991956,3287.272163931999,579.6803597765901,1017.3980417318875
2014-08-18,3081.1320273858228,3098.9878711252363,3306.8792508587517,583.1378901810969,1017.4016752963222
2014-08-19,3115.541963813857,3132.977421362226,3343.148943771073,576.5129717836502,1017.4053088737338
2014-08-20,3120.660096645273,3126.599833752902,3336.343524384856,575.5700089460574,1017.4089424641226
2014-08-21,3120.0471098563416,3057.38252395944,3262.4828656552845,562.8279213714062,1017.4125760674883
2014-08-22,3120.058252881734,3061.585472568914,3266.9677633467527,563.6016344689182,1017.4162096838313
2014-08-25,3120.069395946922,3003.532245584432,3205.020114713113,552.9147223095333,1017.4198433131514
2014-08-26,3191.2118924629694,3072.618216948188,3278.7406243533374,565.6326313498873,1017.4234769554489
2014-08-27,3181.5266720408913,3080.7364094942536,3287.403414787336,563.9159554147826,1017.4271106107235
2014-08-28,3180.901729317815,3038.2254173594015,3242.0406306557807,571.7014434584972,1017.4307442789756
2014-08-29,3180.9130896811334,3015.3753018857437,3217.6576463131773,576.0052225634079,1017.4343779602051
2014-09-02,3286.4502316044636,3116.0232631018735,3325.0574388996533,556.7832877970934,1017.438011654412
2014-09-03,3286.4737062489985,3114.7768538599794,3325.081189309955,556.7832877970934,1017.4416453615964
2014-09-04,3167.8462277322983,3003.5927973181297,3443.79595125409,536.9085326047531,1017.4452790817583
2014-09-05,3190.8140394746765,3025.3697236460685,3467.3869615628637,540.8012766266106,1017.4489128148978
2014-09-08,3190.1872724473296,2925.141753271687,3352.5153295293385,522.8849827123478,1017.452546561015
2014-09-09,3236.901963886828,2968.5603457928937,3402.277532284513,530.6462922217652,1017.4561803201096
2014-09-10,3176.284717650122,3022.986158405106,3464.6551489933286,520.7089146255951,1017.4598140921822
2014-09-11,3175.6608045966314,3041.849728045651,3486.2747530069937,524.166445030102,1017.4634478772324
2014-09-12,3226.0253400795386,3089.48371182434,3540.8682306208543,515.7523150946586,1017.4670816752605
2014-09-15,3220.60386982755,3084.2917054784607,3534.9176537484323,516.6227423293595,1017.4707154862664
2014-09-16,3219.9712512265346,3074.642395005353,3523.8585448200192,518.2427041272754,1017.4743493102501
2014-09-17,3219.98275112386,3074.0384474075827,3602.4693463146227,506.6853647331894,1017.4779831472118
2014-09-18,3219.9942510622564,3074.049426116323,3651.6602941969054,499.7703039241757,1017.4816169971515
2014-09-19,3149.7161255054443,3006.9566257285023,3571.230491691221,488.9624990933045,1017.4852508600692
2014-09-22,3087.167243780193,2947.24274459089,3500.3109342652133,479.25239971952857,1017.4888847359649
2014-09-23,3131.6492154874263,2989.7085904705946,3550.7457567576457,486.15778911482334,1017.4925186248389
2014-09-24,3087.3074163311735,2947.3765638825726,3500.469865568294,479.274160400396,1017.496152526691
2014-09-25,3086.7009809614215,2967.1671940732444,3523.9743289788994,482.4923233153601,1017.4997864415213
2014-09-26,3086.712004893496,2920.6867202276494,3577.7927296409066,474.9341134940395,1017.5034203693301
2014-09-29,3086.723028864942,2889.476702383628,3538.1298580810044,469.8590391450465,1017.507054310117
2014-09-30,3086.734052875759,2833.01913176671,3468.9982342995604,460.67844967238034,1017.5106882638822
2014-10-01,3086.745076925948,2842.3122527287865,3480.377550396332,462.18960806595857,1017.514322230626
2014-10-02,3086.756101015508,2872.8680337745323,3517.7927408928513,467.15829686404356,1017.5179562103482
2014-10-03,3227.4366177831007,3003.2259178622335,3677.4144196371303,445.77721898498464,1017.5215902030487
2014-10-06,3147.7229786440926,3076.2219970296674,3766.7972504493973,456.7905413573823,1017.525224208728
2014-10-07,3147.1046759320484,2970.057785973428,3636.800436601467,441.02613699557486,1017.5288582273859
2014-10-08,3379.9493995614584,3190.3973691578217,3906.6036357546964,473.7445296066147,1017.5324922590223
2014-10-09,3275.9475088807662,3287.31332809814,4025.2760748743553,459.1672912788022,1017.5361263036373
2014-10-10,3201.9783384683487,3211.77260037281,3932.7773521659583,448.7995357721411,1017.5397603612311
2014-10-13,3254.367417408611,3264.321927855016,3997.1233787089277,456.1425566382162,1017.5433944318038
2014-10-14,3253.7281666823483,3225.9418004696936,3950.1273691730344,461.3264343915467,1017.5470285153551
2014-10-15,3240.907708255665,3213.876014912069,3935.352958253778,463.05519959380007,1017.5506626118855
2014-10-16,3250.0013036086084,3222.8937626003762,3946.395083051781,461.75923015546743,1017.5542967213948
2014-10-17,3249.3629105118202,3323.917520660441,4070.0974733403077,447.2883773785628,1017.5579308438831
2014-10-20,3324.030442741536,3399.633470582359,4162.810753544544,457.656132885224,1017.5615649793504
2014-10-21,3307.5579804911395,3382.7863523101314,4142.181657579722,455.3881863681418,1017.5651991277965
2014-10-22,3306.9082816188256,3277.698413674992,4013.502726511529,441.2413259508204,1017.5688332892219
2014-10-23,3306.9200920055455,3298.5507640851692,4039.0361815958195,444.0484537827312,1017.5724674636264
2014-10-24,3320.7593547399056,3311.695292650768,4055.1315004990583,442.1044996252322,1017.57610165101
2014-10-27,3379.6432413731186,3370.418454838913,4127.037314215228,434.2682366594932,1017.5797358513729
2014-10-28,3378.979382896353,3436.587870060818,4208.0609762143895,442.96767329964405,1017.5833700647153
2014-10-29,3521.65221257951,3581.005823712612,4384.899042926211,424.17853429725045,1017.5870042910369
2014-10-30,3779.8855590680746,3843.591411905889,4061.643477132959,393.07768563069664,1017.5906385303377
2014-10-31,3545.7767088400387,3605.536912073495,3811.7084827722965,368.8894799197268,1017.5942727826182
2014-11-03,3718.081623986296,3780.74583883492,3996.936194672183,386.8154452477086,1017.597907047878
2014-11-04,3855.7152147160414,3920.699093781888,4144.892247288538,372.344592470804,1017.6015413261175
2014-11-05,3994.45015366087,3778.0856566157136,3994.123898091135,358.949684470127,1017.6051756173363
2014-11-06,3850.2342039166315,3640.170116386181,4138.356598134446,371.91179670688314,1017.6088099215348
2014-11-07,3539.4525174683795,3346.344300133699,3802.663022039843,401.93428274377953,1017.6124442387129
2014-11-10,3538.757267884617,3551.372961804643,4035.6500790391083,377.31086341545927,1017.6160785688708
2014-11-11,3538.76990630343,3405.0212768263286,4200.373338968025,392.8624966754511,1017.6197129120084
2014-11-12,3538.782544767381,3404.352433378441,4207.301406011486,393.51048139461744,1017.6233472681257
2014-11-13,3538.795183276469,3454.1487053321407,4268.001140607041,387.6786189221204,1017.626981637223
2014-11-14,3747.073649090634,3656.754410127263,4518.343975536009,410.57327304818733,1017.6306160193001
2014-11-17,3820.003109884508,3727.925983563222,4606.2847049361535,418.5642786334288,1017.6342504143572
2014-11-18,3635.1967963697407,3547.5742303681673,4383.439206953182,438.6493870741551,1017.6378848223943
2014-11-19,3835.696483595665,3743.241085133744,4625.208288298559,414.4587635097556,1017.6415192434114
2014-11-20,3936.109708570013,3841.2339557433615,4746.289839561127,425.47450373558314,1017.6451536774085
2014-11-21,3970.0864252029032,3874.3916996321473,4787.2600758798,429.1472230953355,1017.6487881243859
2014-11-24,3969.3065868180115,3818.8377453382705,4718.61672537046,422.99378611668516,1017.6524225843433
2014-11-25,3969.3207629129643,3818.0876165147306,4914.944803501961,440.59334123165416,1017.656057057281
2014-11-26,4024.993775622142,3871.6394590327404,4982.897985063396,434.3286829952365,1017.6596915431991
2014-11-28,4377.277268570186,4210.500771148114,5419.021071219118,396.3176092265284,1017.6633260420973
2014-12-01,4376.41744627169,3896.168309118378,5821.446008972546,425.90729949950406,1017.6669605539759
2014-12-02,4262.349742591349,3793.83866993965,5670.879117328228,414.89155927367653,1017.6705950788349
2014-12-03,4347.773101072643,3869.872421343029,5784.53134415115,423.206557218501,1017.6742296166743
2014-12-04,4346.91907423547,3795.8063980847683,5673.820399079386,415.10674822892196,1017.6778641674941
2014-12-05,4346.934598946449,3795.0607932757507,5538.0259907471445,405.17178848618164,1017.6814987312947
2014-12-08,4346.950123712873,3769.054904649534,5574.9076075398625,407.87011291375484,1017.6851333080758
2014-12-09,4547.514771127786,3942.2021397103235,5833.2441670923945,426.7704731739159,1017.6887678978375
2014-12-10,4423.230255784431,3834.460943259427,5673.820402536544,415.106748228922,1017.6924025005798
2014-12-11,4372.604412156222,3790.5738270827223,5608.880996748722,410.3556662395123,1017.6960371163028
2014-12-12,4287.455087370215,3789.8292501001256,5499.6572059227165,402.3646606542709,1017.6996717450066
2014-12-15,4286.612908714001,3789.8427852045897,5124.76019703976,374.93653134746944,1017.7033063866913
2014-12-16,4286.628218045817,3845.8849885741984,5123.753547741234,369.3198578302181,1017.7069410413568
2014-12-17,4506.350659767375,4042.246797257359,5386.385057408855,388.3241857878573,1017.7105757090033
2014-12-18,4699.335266021531,3867.549430475536,5153.596874698006,404.9541816775064,1017.7142103896306
2014-12-19,4742.606754240534,3904.7088538581406,5203.112644736044,401.06627336250847,1017.7178450832391
2014-12-22,4999.360160939164,4116.100468711716,5484.796740888061,379.3563674170068,1017.7214797898287
2014-12-23,4998.378143789953,4115.2919489975875,5535.105124189652,375.8794941850622,1017.7251145093993
2014-12-24,4998.395995140467,4228.694317881238,5686.525323255475,386.3125317343259,1017.7287492419509
2014-12-26,4865.225975382512,4115.185376816601,5533.884479709381,396.53038032834417,1017.7323839874839
2014-12-29,4973.274021084042,4022.177726250904,5408.812691483428,387.72697599071523,1017.7360187459981
2014-12-30,4972.297127997885,4160.882165498445,5595.335113521323,401.09770545709483,1017.7396535174934
2014-12-31,4972.3148862019125,4171.663210666055,5578.639164523961,399.900868009381,1017.7432883019701
2015-01-02,4837.556152707914,4059.4379180137066,5426.332219679986,410.6627336250873,1017.748134698581
2015-01-05,4696.758661184483,3941.2876252193805,5268.398349646034,422.61901883507784,1017.75298111827
2015-01-06,4695.84167499341,3731.4881364361636,4987.955158088666,445.1195628520996,1017.7578275610371
2015-01-07,4783.25395871602,3801.6954415487526,5081.8026733071665,436.74895427839135,1017.7626740268826
2015-01-08,4852.3334390178925,3745.30710074357,5006.427245303287,430.44561038709804,1017.7675205158065
2015-01-09,4851.386078704314,3917.4379089547556,5236.517954771001,450.2284871491087,1017.772367027809
2015-01-12,4671.2673744508675,3771.210661125825,5041.05305487237,466.85848303875787,1017.77721356289
2015-01-13,4870.342957748506,3931.928492480995,5255.887808888359,446.9668028724096,1017.7820601210497
2015-01-14,4806.824280206631,3880.6485517872347,5187.340881941886,441.31627940714213,1017.7869067022882
2015-01-15,5076.761099876409,4098.57412327922,5478.646371510194,466.09927706182424,1017.7917533066059
2015-01-16,5075.769922734941,4240.9805064247785,5669.003844824859,482.29405933412284,1017.7965999340024
2015-01-20,5075.794093067906,4240.1525054901895,5867.034731341387,499.1416620324472,1017.8014465844783
2015-01-21,5075.818263515968,4240.172696692596,5764.722554663873,490.43738968543687,1017.8062932580334
2015-01-22,5043.523407213805,4213.194629152174,5729.197495122036,487.4150728982805,1017.8111399546679
2015-01-23,4897.188920296503,4090.9515810763237,5562.968629266586,473.2730481878185,1017.8159866743819
2015-01-26,4896.2328024844255,4164.226349332661,5662.609318981015,481.75004231243474,1017.8208334171754
2015-01-27,4738.446371343179,4029.196779008168,5478.99305052817,497.18320075436986,1017.8256801830488
2015-01-28,4925.904740012167,4188.59642101047,5695.74829448582,477.51879881041583,1017.8305269720021
2015-01-29,4844.245747523157,4119.160128240841,5787.94528805754,469.7937571024441,1017.8353737840351
2015-01-30,4992.289159037942,3991.6673902715984,5611.116906510786,484.1509707681517,1017.8402206191483
2015-02-02,5032.428919982352,4022.16513411022,5653.987814663203,488.043714790009,1017.8446635724922
2015-02-03,4904.779496640347,4122.615093186494,5795.191078493471,475.6643052298166,1017.84910654523
2015-02-04,4903.819950517571,4198.292588125043,5686.543174474883,484.58618438550224,1017.8535495373617
2015-02-05,4903.841356080847,4144.071763002977,5615.376255565829,490.65499649411214,1017.8579925488875
2015-02-06,4903.86276173756,4370.803561528221,5922.60654274063,463.8144055707339,1017.8624355798074
2015-02-09,4903.884167487709,4297.064228331447,5822.686916726635,471.64341497618375,1017.8668786301215
2015-02-10,4903.905573331298,4296.223572533885,5821.547795863218,462.4023791677745,1017.8713216998299
2015-02-11,4903.926979268324,4218.603127090973,5821.573207381374,454.1405739984039,1017.8757647889325
2015-02-12,4903.948385298789,4269.093042306504,5821.598619010454,459.57590850842587,1017.8802078974296
2015-02-13,4903.969791422693,4291.305909732468,5821.624030750458,461.96716555042406,1017.8846510253212
2015-02-17,4903.991197640036,4153.98591643394,5821.649442601386,447.18440968108484,1017.8890941726075
2015-02-18,4904.0126039508195,4244.8587786108155,5821.674854563239,456.9670446577526,1017.8935373392883
2015-02-19,5012.729040382039,4338.1135467730965,5950.734829600713,446.74919606373436,1017.8979805253641
2015-02-20,5034.720499323249,4317.384336918969,5976.841435328043,444.79315263908677,1017.9024237308345
2015-02-23,5033.735532203382,4336.370671034378,5950.609572750039,446.74919606373436,1017.9068669557001
2015-02-24,5033.757504858482,4306.84680502379,5991.1758173112685,443.7075364491402,1017.9113101999607
2015-02-25,5033.779477609496,4306.004235412663,5876.767223803392,452.1845305737564,1017.9157534636163
2015-02-26,4991.6622985711665,4269.976286208816,5875.617522943666,455.8814284678061,1017.9201967466671
2015-02-27,4920.30488840103,4208.935608565424,5875.643170480472,462.40237916777465,1017.9246400491133
2015-03-02,5040.625109515912,4311.860137546282,6018.149929721449,451.0989143838098,1017.9290833709549
2015-03-03,5130.55580852835,4233.244367547654,5908.424318129261,443.05471602311445,1017.9335267121918
2015-03-04,5042.911730375162,4162.622144560643,5809.855460896357,435.66333808844485,1017.9379700728243
2015-03-05,5055.478008148435,4172.994855591584,5824.332862335775,436.74895427839147,1017.9424134528525
2015-03-06,5054.488980135082,3859.3416276917947,5386.560742826306,403.9217582630138,1017.9468568522763
2015-03-09,4876.662644679043,3724.334668869812,5198.128814649531,389.7918228197005,1017.9513002710958
2015-03-10,4805.939025303636,3670.3226432819492,5122.743144051067,384.13888150100325,1017.9557437093112
2015-03-11,4804.998815828127,3782.505016126939,5279.318338449013,395.8799777557483,1017.9601871669227
2015-03-12,4838.386092358549,3808.031049618833,5314.945536865687,393.05350709639964,1017.96463064393
2015-03-13,4835.749649077053,3808.6160833449408,5315.762080205533,393.2711139050749,1017.9690741403335
2015-03-16,4834.803607602677,3812.8308894996662,5321.644769939129,393.70632752242545,1017.9735176561333
2015-03-17,4834.82471190414,3775.2956972278107,5269.256147041566,389.83050847457616,1017.9779611913293
2015-03-18,4834.845816297723,3774.5571175727846,5533.1928292285575,409.35709277303596,1017.9824047459218
2015-03-19,4834.866920783429,3774.573593814171,5493.51735459152,406.42181870934974,1017.9868483199108
2015-03-20,4834.888025361257,3774.5900701274772,5492.442630787604,420.22776179308,1017.9912919132963
2015-03-23,4834.909130031209,3691.8618470707984,5492.466605735595,429.3575763437219,1017.9957355260784
2015-03-24,4834.930234793285,3712.4554721825616,5492.49058078824,426.96631930172373,1018.0001791582573
2015-03-25,4834.951339647485,3661.818386685708,5492.514555945537,421.3133779830265,1018.004622809833
2015-03-26,4757.846442652969,3604.1542711228376,5492.538531207488,414.6787881718609,1018.0090664808055
2015-03-27,4696.787593693539,3557.901094623878,5420.9526557930585,409.35709277303596,1018.013510171175
2015-03-30,4695.868738049138,3487.9854546929055,5314.426542816514,401.3128944123406,1018.0179538809415
2015-03-31,4695.889235888868,3444.5482364003856,5248.243954374439,396.31519137309886,1018.0223976101053
2015-04-01,4695.909733818073,3629.7080508796125,5530.360449845324,417.61889794240665,1018.0268413586662
2015-04-02,4745.118147403985,3667.017798838642,5587.20699276668,413.16279407142326,1018.0312851266244
2015-04-06,4574.132046805192,3534.8800828172148,5385.8769716260795,428.0543533451001,1018.03572891398
2015-04-07,4573.237186868351,3621.0871098809166,5517.225258124302,417.6188979424066,1018.0401727207334
2015-04-08,4573.257149411628,3595.1309327496865,5554.614348506773,414.7924272830579,1018.0446165468842
2015-04-09,4573.277112042042,3566.8609313798015,5598.341071027279,411.5307430063587,1018.0490603924326
2015-04-10,4573.2970747595955,3668.6245524705755,5597.2458400444475,423.27183926110376,1018.0535042573788
2015-04-13,4573.317037564286,3667.9068414159487,5597.270272466764,418.7069319857828,1018.0579481417229
2015-04-14,4532.089425718815,3667.9228521204154,5597.294704995732,422.4014120264027,1018.0623920454648
2015-04-15,4403.845909988987,3563.3988803469924,5437.7898578819795,434.3576972363933,1018.0668359686047
2015-04-16,4402.984363966148,3606.235366127403,5503.1588540975645,429.13996953504653,1018.0712799111427
2015-04-17,4403.00358334234,3608.0954864621112,5505.997420261544,428.92236272637126,1018.0757238730789
2015-04-20,4424.460906523236,3589.8218985408807,5478.111703730278,431.0984308131238,1018.0801678544132
2015-04-21,4453.444801123311,3566.3369225422525,5442.273345862942,433.92248361904274,1018.0846118551459
2015-04-22,4452.5735518255915,3679.836808810104,5615.475547228055,420.1165405353124,1018.0890558752769
2015-04-23,4452.592987662524,3759.307902949014,5492.004532460979,429.35757634372175,1018.0934999148066
2015-04-24,4452.612423584296,3686.9915338110713,5597.7000704108805,421.09818902778085,1018.0979439737348
2015-04-27,4452.631859590907,3608.4905064552513,5480.756554994726,429.8991755119802,1018.1023880520617
2015-04-28,4621.755824141038,3744.829819728049,5687.835549268542,446.3139824463838,1018.1068321497872
2015-04-29,4666.798858751519,3706.867952646724,5630.177159569689,450.66370076645927,1018.1112762669118
2015-04-30,4797.7985103572755,3812.404552005265,5790.471445418975,437.83698832176765,1018.1157204034353
2015-05-01,4771.640915026956,3791.6193240946827,5758.901797691154,440.2282453637658,1018.1205685735324
2015-05-04,4770.709308967654,3760.7725438714133,5712.050159144031,443.813922000048,1018.125416766716
2015-05-05,4721.8549678335585,3721.5082806800874,5769.456272420573,439.3578181290647,1018.1302649829862
2015-05-06,4605.051983091459,3629.450545343648,5912.228375814632,428.48956696245057,1018.1351132223433
2015-05-07,4633.089897676992,3651.548498799202,5945.86015955977,431.0984308131238,1018.1399614847872
2015-05-08,4666.948472507875,3623.4371767697303,5900.086157176245,434.24889383205567,1018.144809770318
2015-05-11,4666.037306401107,3631.066519120185,5912.509106711252,435.33692787543185,1018.149658078936
2015-05-12,4666.059525626376,3582.498511957023,5833.425238890346,440.9898691941292,1018.154506410641
2015-05-13,4666.08174495745,3495.125397502579,5691.154550051851,451.74931695640583,1018.1593547654332
2015-05-14,4666.10396439433,3500.4617290470924,5680.24307702205,452.61974419110686,1018.1642031433131
2015-05-15,4666.126183937018,3487.746309092731,5657.337509836084,450.97560385889386,1018.1690515442805
2015-05-18,4666.148403585512,3488.699965650954,5658.884399013278,451.0989143838098,1018.1738999683354
2015-05-19,4666.1706233398145,3362.630313967459,5454.391724915507,434.79774656060334,1018.178748415478
2015-05-20,4683.842080811521,3376.0376030094594,5476.139166524084,436.53134746971625,1018.1835968857084
2015-05-21,4650.038617155647,3351.6726132328577,5436.617665137764,433.3808844507844,1018.1884453790269
2015-05-22,4649.130752496745,3335.7035409011482,5410.714854585305,431.3160376217991,1018.1932938954335
2015-05-26,4649.152891214614,3335.0522845123974,5409.658476950557,418.2717183684323,1018.1981424349283
2015-05-27,4695.334591794776,3335.0681657137516,5409.684237229018,422.51021543074035,1018.2029909975112
2015-05-28,4727.954144270701,3335.084046990731,5409.709997630148,425.4454894944267,1018.2078395831826
2015-05-29,4727.031067533088,3335.0999283433357,5409.735758153945,425.4454894944267,1018.2126881919424
2015-06-01,4727.053577204838,3335.115809771565,5409.761518800412,423.92224183369984,1018.2175368237909
2015-06-02,4727.076086983777,3335.1316912754214,5409.787279569548,429.90159336541,1018.222385478728
2015-06-03,4814.627419859552,3396.90248140326,5409.813040461356,421.8573950047147,1018.227234156754
2015-06-04,4892.821703489766,3340.4070376222867,5409.838801475834,415.0100340917332,1018.232082857869
2015-06-05,4891.866438324758,3294.906632983626,5409.864562612984,409.3570927730359,1018.236931582073
2015-06-08,4891.889732926846,3326.4143981858415,5409.890323872805,413.27159747576087,1018.2417803293662
2015-06-09,4954.036636887271,3368.0081108675276,5409.916085255299,407.9426485166467,1018.2466290997487
2015-06-10,4899.939736905893,3403.470829325392,5467.9606218498,412.40117024105984,1018.2514778932206
2015-06-11,4898.983082029635,3360.4098837776014,5398.7796103464325,407.18344253971304,1018.2563267097819
2015-06-12,4899.006410520501,3331.815659206917,5352.840596379381,403.718658574917,1018.2611755494329
2015-06-15,4900.491163784693,3333.4918034895086,5355.533462395678,403.92175826301394,1018.2660244121735
2015-06-16,4837.217571279159,3290.4508112817734,5286.384507602406,398.706448415097,1018.270873298004
2015-06-17,4836.27316215873,3381.94035468478,5433.370113099079,409.7923063903865,1018.2757222069243
2015-06-18,4773.773565597408,3337.5588427817315,5362.067501267343,415.0100340917333,1018.2805711389346
2015-06-19,4881.340465331914,3261.050771934292,5239.150884781925,405.6626127324161,1018.2854200940352
2015-06-22,4794.375137295021,3204.2567328225923,5147.9065095568485,398.59764501075944,1018.290269072226
2015-06-23,4803.506947916598,3210.3598567603567,5157.711688750519,399.35685098769306,1018.2951180735072
2015-06-24,4799.013894737344,3207.3569845427523,5152.8873233125,399.57445779636834,1018.299967097879
2015-06-25,4849.965271572065,3241.409658268519,5207.595792501317,395.3359607340602,1018.3048161453412
2015-06-26,4849.018373614977,3225.859433028709,5230.545089228641,393.59752411808796,1018.3096652158943
2015-06-29,4849.041464178659,3191.101603425056,5286.952720742675,389.35660920235017,1018.314514309538
2015-06-30,4806.095655324697,3163.4776515692765,5239.071132507439,385.9861215213134,1018.3193634262728
2015-07-01,4680.25326324226,3080.645426927274,5101.89174805754,375.8794941850625,1018.3246166610842
2015-07-02,4769.577276048739,3139.4404527709066,5199.262855604198,383.05326531105686,1018.3298699229957
2015-07-06,4829.126618685404,3099.0203824517425,5132.3227198083905,387.83577939505307,1018.3351232120073
2015-07-07,5057.343697304516,3246.7149138114705,5376.921304309887,369.3561256316642,1018.3403765281191
2015-07-08,5096.096827023371,3220.5709813939693,5333.6240420229815,366.52965497231554,1018.3456298713315
2015-07-09,5095.103897072107,3233.955238352614,5355.789861410804,368.0529026330424,1018.3508832416446
2015-07-10,5095.130181338243,3201.4718589781914,5301.993769289716,364.35600473899274,1018.3561366390584
2015-07-13,5095.156465739973,3207.2079694072686,5311.493406673576,365.0088251650185,1018.3613900635728
2015-07-14,5121.49440267493,3223.1452624126878,5283.029680297446,363.0527817403709,1018.3666435151883
2015-07-15,5241.164174257764,3298.4578620183347,5159.639953427671,354.57336976232506,1018.371896993905
2015-07-16,5187.673932420301,3264.7944805893367,5109.045588274029,351.09649653038036,1018.377150499723
2015-07-17,4956.388207561255,3119.237846191032,4881.265406324433,335.4433134263401,1018.3824040326424
2015-07-20,4426.36734914629,2785.67617757184,4359.277948428284,299.5720399429387,1018.3876575926633
2015-07-21,4537.18729540935,2855.419255801517,4468.418223033766,307.072221281946,1018.392911179786
2015-07-22,4549.852262554025,2863.389786596133,4480.891230273438,306.09540849633703,1018.3981647940105
2015-07-23,4705.013525570792,2961.038490369246,4633.700750804925,295.65995309364354,1018.403418435337
2015-07-24,4869.197155582663,3064.3653023564048,4795.395888453565,306.095408496337,1018.4086721037655
2015-07-27,4692.1571188722155,3174.588997536702,4967.88389250168,294.96602915931237,1018.4139257992963
2015-07-28,4737.772907543611,3204.181593312067,5014.193061973326,297.8336033269663,1018.4191795219295
2015-07-29,4827.696787426875,3142.116972670832,5109.363451820095,303.48654464566357,1018.4244332716652
2015-07-30,4826.756152878796,3249.9665179983635,5282.692724342084,293.07284992383757,1018.4296870485036
2015-07-31,4826.7810528113305,3315.9116606325933,5389.883959473364,299.1368263255881,1018.4349408524449
2015-08-03,4826.805952872318,3430.269028115023,5201.900217335762,288.70378877632436,1018.4401946834892
2015-08-04,4826.830853061759,3431.482442273169,5205.82108358957,288.92139558499963,1018.4454485416363
2015-08-05,4826.855753379651,3378.529150574463,5125.486893627059,284.46287386058657,1018.4507024268868
2015-08-06,4826.880653825999,3454.714117673603,5241.065310433573,290.8774390096472,1018.4559563392406
2015-08-07,4826.905554400801,3445.643128068849,5227.3039260383875,291.52784158224324,1018.4612102786981
2015-08-10,5135.5157732860725,3224.6909082339885,4892.10252436073,310.2251021543074,1018.4664642452592
2015-08-11,5225.493168151433,3168.2256108472984,4806.440353397658,315.66043666432944,1018.471718238924
2015-08-12,5224.475026453404,2956.621013086511,4485.42000871017,336.7465364249619,1018.476972259693
2015-08-13,5224.501978110287,3115.0597433285875,4725.7836696721,318.70451413235327,1018.4822263075657
2015-08-14,5152.152436936898,3071.299001940929,4659.395280985352,314.3547958122778,1018.4874803825428
2015-08-17,5351.677769216649,3190.2399613542066,4839.837805355616,326.5286878309436,1018.4927344846242
2015-08-18,5438.635697242298,3242.0772858171467,4918.478987744207,321.0957711743514,1018.4979886138101
2015-08-19,5284.053410575871,3332.9634365668953,5056.360223547911,330.2255857249933,1018.5032427701007
2015-08-20,5495.889445600943,3467.914072875273,5261.090651156509,343.5963151913731,1018.5084969534959
2015-08-21,5348.077291668593,3374.6443930831697,5119.593419656839,334.3552793829638,1018.5137511639961
2015-08-24,4921.966797709176,3105.7680641052457,4711.687482261396,307.71537029425275,1018.5190054016014
2015-08-25,4763.9060200998965,3006.0314881667373,4560.379475136123,297.8336033269663,1018.5242596663118
2015-08-26,4988.060657440984,3147.473383792498,4774.957639162423,283.7036678836529,1018.5295139581276
2015-08-27,4707.202385807667,3323.468840187164,5041.956195304936,299.68084334727627,1018.5347682770489
2015-08-28,4550.173298668586,3211.270782747899,4871.743168491896,309.6810851326192,1018.5400226230759
2015-08-31,4596.545819217432,3243.9980462137664,4921.392928041864,306.52820426025767,1018.5452769962085
2015-09-01,4595.652046442474,3338.352280137876,5064.535511036602,297.615996518291,1018.5509355810807
2015-09-02,4572.929040415624,3321.178269993298,5038.48122528563,296.2039701153316,1018.5565941973896
2015-09-03,4490.695677783958,3261.454697939805,4947.8760026701275,290.87743900964716,1018.562252845135
2015-09-04,4489.822486980411,3268.747317520893,4958.939463844265,291.5278415822432,1018.5679115243175
2015-09-08,4489.847430438673,3234.564463552156,4907.081462271676,294.46311564592946,1018.5735702349372
2015-09-09,4489.872374035508,3138.958942493339,5050.214037344353,285.87731811697574,1018.5792289769942
2015-09-10,4489.8973177709195,3142.516921393273,5057.9584906924765,285.44210449962526,1018.5848877504886
2015-09-11,4489.922261644908,3158.0031819272294,5031.065989640545,286.9629343069223,1018.5905465554206
2015-09-14,4489.947205657472,3186.682769754798,5078.768332925349,284.24526705191136,1018.5962053917902
2015-09-15,4489.9721498086155,3174.5472996222975,5059.427455320878,285.3308832418579,1018.601864259598
2015-09-16,4489.997094098336,2994.375023406064,4772.278304610625,301.5280833675863,1018.6075231588438
2015-09-17,4359.643339003004,2993.7927838333085,4634.683805426215,310.2251021543075,1018.6131820895281
2015-09-18,4296.28792773865,2993.809416015441,4567.331438330935,314.7368166541745,1018.6188410516507
2015-09-21,4295.452538441074,2993.8260482899746,4716.466408153727,304.46335743127264,1018.6245000452124
2015-09-22,4295.476402066288,2856.4256237257505,4499.062815685354,290.55102879663445,1018.6301590702127
2015-09-23,4260.873749839398,2833.986677298344,4463.719963186005,288.268575158974,1018.6358181266519
2015-09-24,4564.504545212308,3035.937187786189,4781.805624089519,308.81065789791836,1018.6414772145305
2015-09-25,4563.617002684911,2989.9896405344966,4852.316514553519,304.1369472182597,1018.6471363338483
2015-09-28,4563.642356112704,3128.8325819823563,5079.579254561298,289.89579051717897,1018.6527954846056
2015-09-29,4563.66770968135,3113.575216685888,5054.80931426935,291.31265262699793,1018.6584546668028
2015-09-30,4453.8312825292805,3039.2617172515384,4934.1632585377865,298.26881694431694,1018.6641138804398
2015-10-01,4554.53884790569,3107.9838193407554,5045.731824434356,291.52784158224335,1018.6697731255169
2015-10-02,4919.541489175257,3357.058937802879,5450.098875536209,315.00761623830374,1018.6754324020344
2015-10-05,5136.813302836724,3505.323625800692,5207.2754872642145,328.919944872942,1018.6810917099922
2015-10-06,4951.452442273947,3378.834737549559,5021.454919801224,340.661041127687,1018.6867510493906
2015-10-07,4970.4847344552045,3391.8222337856514,5040.756286081696,339.3554002756354,1018.69241042023
2015-10-08,4969.518251337507,3433.1357841623444,5102.154414995202,335.22570661766497,1018.6980698225101
2015-10-09,4969.545859772235,3432.4682299994365,4824.261705319581,353.4877535723786,1018.7037292562313
2015-10-12,4969.573468360346,3432.4872992673813,4963.764480765822,343.2699049783604,1018.7093887213938
2015-10-13,4993.747179232082,3449.184095495806,4986.917183518564,345.00834159433276,1018.7150482179978
2015-10-14,5313.1269256531905,3669.779873023448,5305.860111210019,367.073671994004,1018.7207077460437
2015-10-15,5312.093817666713,3667.264986135084,5302.224024445452,367.1824753983416,1018.7263673055311
2015-10-16,5312.123329299033,3778.026649101959,5462.3660247074595,356.0966174230521,1018.7320268964606
2015-10-19,5312.152841095307,3624.268752710874,5240.058987917025,341.7466573176337,1018.7376865188322
2015-10-20,5518.92671197063,3766.0671212804973,5445.0746383539445,355.1173867840135,1018.7433461726463
2015-10-21,5355.996378623867,3875.784770810148,5603.707177709903,344.63357431272544,1018.7490058579027
2015-10-22,5354.95493491064,3812.9340582821574,5512.836035542825,350.22606929567957,1018.7546655746021
2015-10-23,5354.984684660279,3710.025890801596,5364.048816732618,359.6822940593344,1018.7603253227442
2015-10-26,5527.119880863765,3830.026132088768,5537.548186071253,348.0524190623567,1018.7659851023294
2015-10-27,5513.397185885069,3838.0458397764546,5549.143281307471,348.92042844362805,1018.7716449133577
2015-10-28,5512.325136460115,3798.524419413993,5492.002216967067,345.32749824705655,1018.7773047558295
2015-10-29,5512.355760488651,3620.4386630815616,5234.521347925068,329.13755168161737,1018.7829646297448
2015-10-30,5453.023038507571,3582.193842282139,5179.226023365764,325.6606784496727,1018.7886245351038
2015-11-02,5471.2011310433245,3594.135374655314,5196.491391447189,326.74629463961924,1018.7934759095064
2015-11-03,5505.461429497387,3616.6416118911065,5229.031475739613,324.57264440629643,1018.7983273070105
2015-11-04,5623.505610351307,3694.187064163372,5341.148642505305,317.6164800889773,1018.8031787276166
2015-11-05,5622.4076878557935,3823.1896197132332,5527.663784399156,306.528204260258,1018.8080301713247
2015-11-06,5370.091614851827,3650.8521899449433,5278.493990592784,292.8334824342951,1018.812881638135
2015-11-09,5513.618620219168,3748.428901748594,5419.572856589039,300.66007398631524,1018.8177331280475
2015-11-10,5649.051198667134,3840.502624336339,5552.695362263049,293.1574747938783,1018.8225846410623
2015-11-11,5575.770349142526,3888.822921388383,5622.55806399481,296.96317609226554,1018.8274361771796
2015-11-12,5653.362436114882,3941.384018619692,5698.552221369506,292.8334824342951,1018.8322877363995
2015-11-13,5594.461443515239,3900.3197080370132,5639.180407513143,295.8872313160379,1018.837139318722
2015-11-16,5543.267816318134,3864.6287813770005,5587.577567383807,298.5976450107598,1018.8419909241472
2015-11-17,5799.663703249557,4043.38163202314,5846.022938175772,284.7892840735998,1018.8468425526753
2015-11-18,5963.377716724552,3927.6654424093003,5678.717558578862,292.94228583863276,1018.8516942043065
2015-11-19,6173.59565492547,3789.2467974169663,5478.58839755987,303.2689378369886,1018.8565458790406
2015-11-20,6172.390333900224,3934.6246103427034,5688.779298743847,291.6366449865812,1018.8613975768781
2015-11-23,6129.756862616409,3906.660742937714,5648.348435380629,289.68060156193366,1018.8662492978189
2015-11-24,6371.244993229274,3751.228334849786,5423.620347430328,301.0928697502361,1018.8711010418632
2015-11-25,6428.51525290464,3786.448111360402,5474.541986814505,298.26881694431717,1018.875952809011
2015-11-27,6550.4129422709075,3858.246848319383,5578.350407931617,292.6158756256199,1018.8808045992623
2015-11-30,6411.806168127282,3776.6063236366813,5460.3124823992275,298.8104161125755,1018.8856564126174
2015-12-01,6213.575181500441,3659.8466496844158,5291.49840688063,308.0514519209849,1018.8905082490764
2015-12-02,6384.132519412283,3760.3063179916744,5436.745523955726,299.5986363306659,1018.8953601086395
2015-12-03,6243.435435813156,3677.4345839272464,5316.927484908881,306.20421190067486,1018.9002119913066
2015-12-04,6564.490634952619,3486.8944951494964,5041.439828533634,322.07258395996064,1018.905063897078
2015-12-07,6287.582147423244,3338.412823991869,4826.76129099182,308.48666553833533,1018.9099158259536
2015-12-08,6243.278759992292,3314.8897918822395,4792.751099077402,306.31301530501247,1018.9147677779335
2015-12-09,6327.450270856772,3359.580937810234,4857.366682765873,310.4427089629829,1018.9196197530182
2015-12-10,6356.026420987781,3374.7535405406456,4879.303613697973,308.91946130225614,1018.9244717512074
2015-12-11,6284.50044439206,3336.776583434239,4824.395573208339,312.3987523876305,1018.9293237725014
2015-12-14,6283.273470527526,3517.922208240712,5086.3004771090245,295.44234628496844,1018.9341758169004
2015-12-15,6296.311941908224,3524.5186920618235,5095.83783945546,296.11450953843206,1018.9390278844041
2015-12-16,6550.128333227075,3666.5987897140135,5301.260820891263,308.05145192098485,1018.943879975013
2015-12-17,6548.8494986808255,3449.2337997320806,4986.9890471544595,289.7894049662712,1018.9487320887272
2015-12-18,6548.880683678438,3448.560377912417,4869.077842698087,296.52796247491506,1018.9535842255466
2015-12-21,6666.703608162718,3510.604487220885,4780.5493254908515,301.9221934766317,1018.9584363854714
2015-12-22,6623.1387575486715,3487.663770332928,4747.397692304781,299.94922507797605,1018.9632885685016
2015-12-23,6621.845668586613,3561.602600818056,4848.04301144439,306.30817959815306,1018.9681407746376
2015-12-24,6492.628014506069,3491.3897289613656,4752.469456258844,312.2270847941201,1018.9729930038793
2015-12-28,6686.4621157173415,3595.6233903661887,4894.352010369414,302.9086776759596,1018.9778452562268
2015-12-29,6749.168406510316,3629.343495557293,4846.541172948648,305.87054812737284,1018.9826975316803
2015-12-30,6604.0003292201645,3551.2798312149794,4950.831738269608,299.2915689450909,1018.9875498302399
2015-12-31,6602.710976808302,3564.5916798966914,4932.320868818522,300.41345293648334,1018.9924021519057
2016-01-04,6602.773859769987,3563.9127100709115,4931.381379154143,309.15882879179907,1019.0021068414501
2016-01-05,6602.836743330557,3563.946652096722,4931.428344691089,307.40346720181867,1019.0118116234202
2016-01-06,6714.576495577565,3624.259292164507,5014.882866267175,312.6671341183301,1019.0215164978167
2016-01-07,7006.492035316529,3781.8236014136423,5232.904395934496,326.26030610024463,1019.0312214646407
2016-01-08,7180.363777930041,3875.6725998168768,5362.763132897998,318.03960443917936,1019.0409265238928
2016-01-11,7470.088564235454,3717.814327401125,5579.1484652764275,305.2128919944877,1019.0506316755741
2016-01-12,7306.079958170351,3637.675437714224,5456.656160807492,298.63391281220566,1019.0603369196854
2016-01-13,7295.373302036645,3632.344625533051,5448.659732970933,298.19628134142545,1019.0700422562276
2016-01-14,7043.204947956345,3506.790753544433,5260.323989216283,287.88897217050743,1019.0797476852016
2016-01-15,7017.0002599929385,3493.7435175022306,5240.752622240255,286.8178631011392,1019.0894532066081
2016-01-19,6705.265021770593,3338.5314714195315,5007.928451422838,274.0757755264879,1019.0991588204483
2016-01-20,6909.105557174875,3440.0230665151266,5160.169833902126,282.4076984453206,1019.108864526723
2016-01-21,6907.789537103653,3445.3833304087043,5168.210440465096,282.84774776953054,1019.1185703254329
2016-01-22,6907.855325575436,3472.0962946508293,5208.280936967888,285.0407408302912,1019.128276216579
2016-01-25,6715.34873978537,3374.642264258445,5352.481710183067,292.93261442491394,1019.137982200162
2016-01-26,6413.891785267218,3223.152085714999,5592.8605112654,306.0881549360481,1019.1476882761832
2016-01-27,6308.327492444465,3170.103206504058,5591.795204529608,311.1317971904547,1019.157394444643
2016-01-28,6448.55535777793,3240.571457568585,5714.976910416651,304.2215720883004,1019.1671007055425
2016-01-29,6447.327061551886,3164.707441019205,5581.185352789194,311.3494039991299,1019.1768070588827
2016-02-01,6253.198820196823,3070.0514215170206,5414.252769147662,320.67022897072013,1019.190557857073
2016-02-02,6392.363158345928,3069.4788325769314,5534.746443642193,313.5423970598905,1019.2043088407901
2016-02-03,6854.748390140588,3292.120414595262,5132.331519482097,336.3475906090576,1019.2180600100362
2016-02-04,7210.026476871109,3120.2634942379605,4866.463905574818,353.78031383737556,1019.231811364814
2016-02-05,6802.98030695755,2945.3553367132326,4593.67148373079,373.62121908169973,1019.245562905126
2016-02-08,6635.473310123936,2872.833059005606,4480.563392870524,382.83082279552264,1019.2593146309747
2016-02-09,6368.5903661226175,2987.308615885777,4659.103175378213,367.58625692110587,1019.2730665423626
2016-02-10,6514.955257689467,3054.7689347194114,4764.316471392698,376.03423680456535,1019.286818639292
2016-02-11,6513.74016686083,3273.8533990320007,5106.00769068179,403.00297395971904,1019.3005709217657
2016-02-12,6675.43919372909,3355.779280920844,5233.781946888255,413.08784061510244,1019.3143233897861
2016-02-16,6108.541268422705,3639.510168390289,5676.2978194472735,378.0072052032211,1019.3280760433556
2016-02-17,6306.94969575012,3756.267448613916,5858.396251509381,390.285064919365,1019.3418288824768
2016-02-18,6693.177977449317,3986.2957177878993,6217.155782960564,414.18554607219755,1019.355581907152
2016-02-19,6691.929646669881,3876.5523336479964,6045.996450173862,402.78294929761404,1019.369335117384
2016-02-22,6752.534603715893,3912.435347162785,6101.960759090542,406.5112792862501,1019.3830885131752
2016-02-23,6880.011397293307,3837.1155780214826,5984.48961007404,414.1855460721975,1019.3968420945281
2016-02-24,6951.01926208094,3875.1831919835395,6043.861092533713,418.4603109359515,1019.4105958614452
2016-02-25,7056.647476676088,3934.070768951037,6135.704062952169,424.8192654561285,1019.4243498139291
2016-02-26,7055.331355952204,3793.927292631403,5917.131762769604,409.68592083947914,1019.4381039519819
2016-02-29,7312.621041263762,3933.040791833943,6134.097677314174,424.70804419836116,1019.4518582756067
2016-03-01,7010.632761563865,4094.0084245327553,5880.778710745231,407.1689354191353,1019.4672309623585
2016-03-02,7196.554965518179,4200.944057657703,6036.737149313545,417.9670688362876,1019.4826038809206
2016-03-03,7479.684595710725,4366.219212673288,6274.236781407535,434.4108900118479,1019.4979770312964
2016-03-04,7478.30144772407,4346.875142000946,6246.43944146586,432.48627868178676,1019.5133504134897
2016-03-07,7478.414215761773,4346.071315111729,6463.475212442562,447.51323774752825,1019.5287240275037
2016-03-08,7843.5757521071155,4558.284497305858,6777.7858641835755,425.5857249933514,1019.5440978733421
2016-03-09,7803.395284613162,4579.949486310604,6809.999881608518,427.77871805411206,1019.5594719510084
2016-03-10,7447.653792364157,4369.326591667343,6496.821342877497,447.2932130854233,1019.5748462605059
2016-03-11,7604.926655256932,4461.594105859475,6634.015380192283,437.86116685606567,1019.5902208018383
2016-03-14,7603.52034742974,4653.8214759569355,6919.841320307651,419.0091636644991,1019.6055955750091
2016-03-15,7771.095460322286,4550.464804702276,6766.158638629281,428.3275707826596,1019.6209705800217
2016-03-16,8294.207304622632,4244.287178569988,6310.8982467965125,457.1604729321313,1019.6363458168796
2016-03-17,8292.673534583604,4329.917332754731,6438.223087737056,447.9508692183085,1019.6517212855862
2016-03-18,8355.96237133857,4362.0968372471025,6486.071305809826,451.4591745448396,1019.6670969861452
2016-03-21,8351.889981581959,4362.6094799555085,6482.910232414255,451.23914988273464,1019.68247291856
2016-03-22,8350.345544825976,4362.741050716632,6480.512584719805,451.23914988273464,1019.6978490828341
2016-03-23,8350.471462734984,4691.455097252888,6968.791740092196,417.25380207451866,1019.7132254789709
2016-03-24,8541.870822626499,4583.126463182987,6807.877977800441,426.9010372591217,1019.728602106974
2016-03-28,8528.711768323938,4590.3251529725285,6818.571071713718,426.24338112623656,1019.743978966847
2016-03-29,8527.134633571775,4333.073136042036,6436.4432044434925,450.14386227906897,1019.7593560585931
2016-03-30,8527.263217347996,4400.745528858534,6536.96528177682,443.1272516260068,1019.7747333822163
2016-03-31,8625.011901247943,4452.071765989351,6613.2064159137935,437.9723881138329,1019.7901109377194
2016-04-01,8566.930067918895,4480.398909383677,6655.284184711449,440.93425856524607,1019.8046793678757
2016-04-04,8805.721880673877,4603.491929812788,6838.12929486324,428.65639884910206,1019.8192480061523
2016-04-05,8544.764084122999,4467.067326955383,6635.48115567616,441.37189003602634,1019.8338168525524
2016-04-06,8543.17719940769,4457.186408391753,6620.8038194887,442.36079208878397,1019.8483859070791
2016-04-07,8543.299244796253,4456.3586452241425,6417.544298495953,455.9539640706985,1019.862955169735
2016-04-08,8543.421291928322,4456.422307490503,6221.77574403062,469.87596411905554,1019.8775246405231
2016-04-11,8031.820343374445,4189.5608474542505,5850.444958421452,497.9327353175855,1019.8920943194468
2016-04-12,7973.548657242571,4159.1651508006735,5807.999376003741,501.5595154621731,1019.9066642065085
2016-04-13,7972.0678553893695,4274.771792446072,5969.436414013426,487.6326797069566,1019.9212343017115
2016-04-14,7972.1817420730185,4151.037584405934,6140.00584639787,473.7130975120293,1019.9358046050586
2016-04-15,7972.295630383619,4270.257324476218,5963.8374367216975,487.3183587610925,1019.9503751165531
2016-04-18,7972.4095203211955,4265.384294584857,5970.813501124138,486.76225247225574,1019.9649458361977
2016-04-19,7972.5234118857725,4264.592151808843,5969.704635789811,509.5626103145633,1019.9795167639953
2016-04-20,7972.637305077371,4264.653074553868,5969.789917284609,500.1329819386354,1019.9940878999491
2016-04-21,7972.751199896015,4346.0624887376935,5969.875199997713,509.7802171232385,1020.0086592440621
2016-04-22,7972.865096341728,4467.714474836245,5969.960483929141,495.32145361348245,1020.0232307963371
2016-04-25,7972.978994414533,4492.703954516317,5970.045769078913,492.5651007035958,1020.0378025567771
2016-04-26,8161.19859409708,4597.865514043431,6110.981751166624,504.29168983776253,1020.0523745253851
2016-04-27,8246.500472644615,4548.1002631562915,6174.854504308701,509.5626103145632,1020.0669467021642
2016-04-28,8244.96897974136,4345.588872254767,6449.976137036148,532.2662540196818,1020.081519087117
2016-04-29,8245.0867650125,4070.9306188516157,6857.824200757199,565.922773761455,1020.0960916802468
2016-05-02,8387.403500142827,4142.012293932795,6974.824121551552,556.0579317681768,1020.1110692815929
2016-05-03,8612.670581639244,4029.231845910707,6784.910684921705,541.1397761067728,1020.1260471028481
2016-05-04,8162.448770470235,3820.2180345536185,6432.947805592187,513.0684977876645,1020.141025144016
2016-05-05,8434.402191507374,3947.49863291562,6647.27835911594,530.1627215358209,1020.1560034050993
2016-05-06,8098.162038671827,3790.130331818225,6382.282471955131,551.1013322372402,1020.1709818861018
2016-05-09,8618.546760971818,4033.6826231635177,6792.405445038191,515.7039580260648,1020.1859605870262
2016-05-10,8616.94959381799,4183.741211929689,6537.201042592899,535.0951425324602,1020.2009395078761
2016-05-11,8380.305171859816,4068.007771105771,6358.979501664429,549.6989772479998,1020.2159186486546
2016-05-12,8567.804181747959,4159.024436210143,6501.253838458834,537.4162818249963,1020.2308980093649
2016-05-13,8566.216418079788,4111.619134190491,6427.151388125699,543.5576295364981,1020.2458775900103
2016-05-16,8566.342191892276,4037.119502287809,6310.695948803387,553.4224715297764,1020.260857390594
2016-05-17,8449.609676747621,4036.371353575045,6225.962990869806,560.8694600933297,1020.2758374111191
2016-05-18,9120.45020374717,4356.02401462928,6224.809211251763,516.3567784520908,1020.290817651589
2016-05-19,9279.514693320343,4431.9949065235,6334.617463114817,525.5688000193434,1020.305798112007
2016-05-20,9308.116961620352,4416.691506829479,6312.744427384547,527.1887618172592,1020.320778792376
2016-05-23,9306.392005071715,4467.056916754506,6384.73133440432,521.192485311541,1020.3357596926996
2016-05-24,9306.528646541628,4713.377711797632,6736.795820649964,492.46838656640676,1020.3507408129808
2016-05-25,9306.665290017789,4829.974756361734,6903.447112048379,504.84779612659923,1020.3657221532229
2016-05-26,9343.409296351583,4848.078172667376,6929.322190763599,502.76844217703575,1020.3807037134292
2016-05-27,9580.0322990205,4970.856355448916,7104.808137192072,490.05053313668174,1020.3956854936027
2016-05-31,9578.256951813488,5022.333904663789,7028.598365940957,495.32145361348245,1020.4106674937468
2016-06-01,9578.397584951272,5055.675571771105,6982.144146643962,498.6097342779085,1020.4256497138646
2016-06-02,9578.538220153907,5066.7077414069245,6967.113192569977,499.69776832128474,1020.4406321539597
2016-06-03,9578.678857421424,5065.768792021715,6965.822064882586,554.4137914359636,1020.4556148140349
2016-06-06,9578.819496753855,5035.963455688926,6924.837432933893,557.5811794289034,1020.4705976940937
2016-06-07,9578.960138151228,5097.474925278166,7009.42043892953,550.7870112913758,1020.4855807941393
2016-06-08,9901.248833774267,5267.962414092443,6772.389086021241,569.4286612345562,1020.5005641141747
2016-06-09,10030.73737231742,5336.85682989323,6858.249437454106,576.8756497981096,1020.5155476542034
2016-06-10,9893.260903454613,5263.712433368115,6764.253564544147,568.9692690829086,1020.5305314142283
2016-06-13,9862.990855777896,5247.607245415482,6743.557225905726,567.2284146135065,1020.5455153942531
2016-06-14,9668.758049079015,5144.265622307991,6610.75571911381,556.0579317681766,1020.5604995942807
2016-06-15,10023.169857482086,5332.830531353531,6853.075350800658,576.440436180759,1020.5754840143144
2016-06-16,10328.46167725892,5495.261135706012,7061.810498928665,558.6692134722796,1020.5904686543574
2016-06-17,10198.686973335738,5426.214465528883,6973.080502604246,565.7051669527795,1020.6054535144132
2016-06-20,10135.325482371862,5392.502965242174,6929.758771246937,562.4168862883535,1020.6204385944845
2016-06-21,9850.799128208644,5241.12063310264,6735.221456994642,546.6283033922485,1020.635423894575
2016-06-22,9630.15860485801,5123.728776423713,6584.364377501645,558.6692134722796,1020.6504094146877
2016-06-23,9720.883033381364,5171.998735852544,6646.39478840651,553.4224715297761,1020.6653951548259
2016-06-24,9719.081584074689,5477.235548750364,6251.6798875176155,586.3052781740372,1020.6803811149929
2016-06-27,9829.763529394035,5540.706340914872,6321.624350095313,593.0994463115647,1020.6953672951918
2016-06-28,9669.874589404235,5628.776771052676,6422.107599238342,583.4522111269616,1020.7103536954259
2016-06-29,9668.082592852596,5743.621357854517,6288.6963383482025,595.5898353441817,1020.7253403156984
2016-06-30,9668.22454485892,5854.842374775469,6167.105012093917,607.1229962039704,1020.7403271560124
2016-07-01,9668.3703355465,6140.472869154138,5866.426669854739,636.7417007181027,1020.7557192720569
2016-07-05,9467.009494509279,6267.316128181541,5745.421285320002,649.8948233758073,1020.7711116202045
2016-07-06,9167.213452357688,6465.975057526293,5744.358838397063,670.4949345970651,1020.7865042004589
2016-07-07,9479.223458486556,6464.779365345944,5744.445459681134,647.6945767547573,1020.8018970128237
2016-07-08,9171.296556544485,6673.685870542594,5930.074691160797,668.7540801276627,1020.8172900573022
2016-07-11,9141.730542720228,6695.40146913224,5949.370643067716,670.9301482144155,1020.8326833338983
2016-07-12,9497.475880697883,6953.27112156445,6178.507334420908,644.8415097076818,1020.8480768426151
2016-07-13,9817.025530013356,6716.751534287271,5968.34179086916,666.7956188495855,1020.8634705834563
2016-07-14,9753.662319965108,6760.306841245816,6007.043975609482,662.4918397446748,1020.8788645564252
2016-07-15,9751.858666585378,6759.056721046631,6075.845750925721,654.9239585096353,1020.8942587615257
2016-07-18,9752.005718422412,6759.158643330519,6051.579358806855,657.5594187480357,1020.9096531987609
2016-07-19,9752.152772476895,6759.26056715133,6050.460296940128,650.9828574191833,1020.9250478681345
2016-07-20,9185.154118171356,6366.271271855261,5698.681266572987,613.2643439154721,1020.9404427696497
2016-07-21,9477.39583766516,6568.825310613339,5879.9947634141245,632.7764210933535,1020.9558379033106
2016-07-22,9475.64327165735,6553.01254167771,5865.840178059822,631.2531734326267,1020.9712332691201
2016-07-25,9475.786158341603,6785.019546550507,5655.992832817191,608.6704223989942,1020.9866288670819
2016-07-26,9723.075493473078,6960.731016573245,5804.728321471683,624.6766121037743,1021.0020246971995
2016-07-27,10163.391277350394,6642.935434191211,5539.710608087934,652.965497231558,1021.0174207594766
2016-07-28,10161.51185663379,6654.450856157274,5549.313607523043,651.8532846538843,1021.0328170539167
2016-07-29,10161.665085780833,6464.841727751548,5391.193795818537,670.4465775284704,1021.048213580523
2016-08-01,10161.822349645256,6463.648810560639,5327.395041972087,678.401315312266,1021.0640155171618
2016-08-02,10161.979615943525,6387.456372163495,5265.662054951745,686.2835174931697,1021.0798176983544
2016-08-03,10046.455557955127,6458.9908746819465,5264.690414956304,678.6189221209412,1021.0956201241046
2016-08-04,10132.362472851932,6403.960174820525,5264.771892307964,684.4217703522813,1021.1114227944161
2016-08-05,10130.492810780159,6402.778491725384,5264.853370920584,662.8303392248364,1021.1272257092927
2016-08-08,10044.895334190292,6348.678292229427,5264.934850794181,668.3188665103121,1021.1430288687382
2016-08-09,9951.447594516654,6289.616488538493,5265.016331928777,674.5569283590029,1021.1588322727565
2016-08-10,9949.611315546515,6182.500598341,5265.097814324391,686.0659106844942,1021.1746359213512
2016-08-11,9949.7652976264,6229.101570488028,5265.179297981042,680.9158828791797,1021.1904398145261
2016-08-12,9949.91928208934,6226.197741523403,5265.260782898749,681.2543823593411,1021.2062439522854
2016-08-15,9950.073268935374,6268.596725234081,5265.342269077532,676.6362823085663,1021.2220483346324
2016-08-16,9927.105792211243,6252.873378043884,5253.188426312658,675.2097487850284,1021.2378529615709
2016-08-17,9787.047074824954,6164.6533627001545,5179.072682149326,665.6834062719116,1021.2536578331049
2016-08-18,9906.132526836469,6239.662763041124,5242.089872793142,673.7832152614907,1021.269462949238
2016-08-19,9653.031496141826,6080.239792246584,5108.154823347402,656.5680988418479,1021.2852683099742
2016-08-22,9496.976235613856,5981.943893675154,5025.574088777821,645.9537222853548,1021.3010739153173
2016-08-23,9358.339434722531,5894.619513371814,4952.21078902587,636.5240939094269,1021.3168797652708
2016-08-24,8690.74993628419,5474.11904831966,4598.938294491189,591.1168064991897,1021.3326858598386
2016-08-25,8800.592935975166,5543.306823982438,4657.064599052264,598.5879735970403,1021.3484921990246
2016-08-26,8845.690242233124,5571.712660650676,4680.92902159907,595.2996929326141,1021.3642987828324
2016-08-29,8816.862825930797,5553.554882570379,4665.674238095233,597.2581542106915,1021.3801056112661
2016-08-30,8815.235904858653,5826.885590126512,4895.305900641214,567.8812350395316,1021.3959126843292
2016-08-31,8654.710787818625,5719.612845720998,4805.183503256904,557.6537150317945,1021.4117200020256
2016-09-01,8992.058382563504,5942.554742184092,4992.482320845706,579.3902173650231,1021.4279328864701
2016-09-02,8670.53707161858,5730.071914584357,4813.970417077345,599.8936144490917,1021.4441460282619
2016-09-06,8255.649787754639,5455.886595572374,4583.6207750141975,628.6177131942258,1021.4603594274053
2016-09-07,8209.162471620792,5484.599378492797,4607.743070446314,625.3294325297996,1021.4765730839042
2016-09-08,8031.413140563987,5483.5895157778,4707.658752164984,611.7894533233392,1021.4927869977626
2016-09-09,8029.934340724717,5483.676556881225,4966.419653161574,578.1812906501606,1021.5090011689847
2016-09-12,8235.51563790425,5483.763599366256,4965.505201314022,593.0994463115643,1021.5252155975747
2016-09-13,7924.963176678727,5689.627779646254,4965.5840188569,570.7343020866073,1021.5414302835366
2016-09-14,7923.503977149728,5688.603228461508,4965.66283765085,570.8551947580935,1021.5576452268745
2016-09-15,7923.629747054127,5720.059446645213,4965.741657695892,574.2401895597087,1021.5738604275923
2016-09-16,7991.690879977532,5768.048687058626,4965.8204789920455,569.2110544258805,1021.5900758856944
2016-09-19,7945.777311885346,5734.910306191589,4965.899301539332,572.4993350903065,1021.6062916011846
2016-09-20,7944.31427991251,5745.022737962301,4965.978125337769,571.5080151841194,1021.6225075740671
2016-09-21,7944.4403801391745,5743.964924280845,4966.056950387377,611.088275828719,1021.6387238043461
2016-09-22,7944.566482367431,5769.816071421076,4966.1357766881765,608.2352087816433,1021.6549402920255
2016-09-23,7739.594644101915,5619.7993862868,4838.008209062788,592.6642326942139,1021.6711570371095
2016-09-26,7670.761762159382,5569.819121752947,4794.98088486756,587.3933122174132,1021.6873740396022
2016-09-27,7669.3493679689145,5666.352945539763,4710.110472571464,576.9965424695953,1021.7035912995076
2016-09-28,7494.83657104505,5538.550752609852,4816.494548480831,590.0287724558135,1021.7198088168298
2016-09-29,7558.957056277043,5585.934649292984,4855.774447367213,584.9996373219853,1021.7360265915729
2016-09-30,7557.565248349317,5631.362783773528,4895.264485910736,580.2606445997242,1021.752244623741
2016-10-03,7557.685209702466,5519.76338878567,4990.4735735395625,568.9934476172052,1021.7684629133383
2016-10-04,7557.805172959762,4979.350588188817,5479.224647409811,513.2861045963392,1021.7846814603688
2016-10-05,7504.91162130243,4943.5065685431955,5441.973956528533,516.7919920694405,1021.8009002648365
2016-10-06,7724.601998296463,5088.217242901178,5601.276206898535,501.68040813365866,1021.8171193267456
2016-10-07,7723.179690665963,5061.8942459001,5572.2989895829605,504.29168983776185,1021.8333386461001
2016-10-10,7723.302280819783,5029.048390656396,5536.141196255942,507.57997050218796,1021.8495582229039
2016-10-11,7723.424872919479,4898.873059118789,5677.403762937677,494.64445465315873,1021.8657780571614
2016-10-12,7900.072417733171,4784.043902913889,5676.358399733822,506.0567228414612,1021.8819981488765
2016-10-13,8038.59733755003,4700.309293376357,5575.87043509862,514.9302449285524,1021.8982184980534
2016-10-14,8037.11721490627,4795.581449246859,5688.889635336152,504.5092966464372,1021.9144391046962
2016-10-17,8037.244788195397,4726.785430026461,5607.278476222845,511.76285693561255,1021.930659968809
2016-10-18,8037.372363509494,4555.872580922387,5404.528435147713,530.2836142073066,1021.9468810903958
2016-10-19,7811.741737309238,4428.888175979088,5253.889712236499,545.0808771972244,1021.9631024694606
2016-10-20,7833.819915685524,4441.405459121065,5268.7386816644175,543.5576295364975,1021.9793241060078
2016-10-21,7832.377498089834,4469.4027867748555,5301.951277215635,540.1484562005852,1021.9955460000411
2016-10-24,7660.77059499626,4370.584571082977,5417.224626893028,528.4218670664185,1022.011768151565
2016-10-25,7838.838378349245,4472.174913317978,5540.976298037314,540.7045624894218,1022.0279905605834
2016-10-26,7837.395036719186,4570.318537746686,5417.336927211674,528.6394738750937,1022.0442132271002
2016-10-27,7837.519439815007,4642.58034445651,5331.85479897359,520.297879542542,1022.0604361511197
2016-10-28,7865.817478316845,4658.414263717135,5352.172290020339,522.2805193549166,1022.0766593326458
2016-10-31,8100.324512358475,4797.297592161121,5511.738927928271,537.8514954423463,1022.0928827716829
2016-11-01,7892.694097207256,4674.331544425048,5370.460064338931,551.4398317174011,1022.1091064682348
2016-11-02,8018.566083710462,4748.8773699473595,5456.107685849268,542.6630237674991,1022.1253304223056
2016-11-03,8196.851776713,4854.464439262046,5577.419392919217,554.9457191905026,1022.1415546338997
2016-11-04,8099.712366349176,4910.206143782713,5641.462474844689,548.3691578616503,1022.1577791030207
2016-11-07,7798.651633196206,4725.733082278397,5429.516616845623,527.9866534490678,1022.1740038296732
2016-11-08,7766.1527866985825,4706.039822308178,5406.890522568496,525.7864068280179,1022.1902288138609
2016-11-09,7764.722828446937,4825.71424378122,5544.3875518518325,539.1571362943977,1022.2064540555882
2016-11-10,8341.095860470203,5182.960432378102,5954.8369114581465,499.0449478952584,1022.222679554859
2016-11-11,9019.438384195677,4759.545729213492,5468.364838951539,458.47578519790113,1022.2389053116774
2016-11-14,9017.777662253045,4808.491330999601,5524.599703170968,463.190599385865,1022.2551313260475
2016-11-15,8634.217776960013,4603.006474401519,5288.512851885764,482.8138978215138,1022.2713575979734
2016-11-16,8708.99226057614,4642.869660748696,5334.312694768143,478.6479363620975,1022.287584127459
2016-11-17,8707.388700140416,4752.589942459015,5460.373156156696,467.3517251384219,1022.3038109145086
2016-11-18,8707.526912659467,4698.317278100851,5398.017892361079,462.20169733310746,1022.3200379591264
2016-11-21,8536.705038947079,4605.207317051964,5291.041456767504,471.19127638482536,1022.3362652613162
2016-11-22,8505.173665040526,4588.197415319543,5271.498341974706,472.94663797480575,1022.3524928210824
2016-11-23,8503.607633107076,4815.939773194004,5533.157410506528,449.4862061461832,1022.3687206384286
2016-11-25,8503.742611006015,4787.907303145505,5500.95018269878,452.1168306777241,1022.3849487133593
2016-11-28,8180.654791073255,4606.955034178143,5293.0494540481195,469.2183079861697,1022.4011770458787
2016-11-29,8249.710500252733,4645.843919624121,5337.7298974974865,465.2723711888584,1022.4174056359905
2016-11-30,8248.191505980083,4733.557279253095,5438.506038539134,456.50281679924547,1022.433634483699
2016-12-01,8318.149988928359,4774.652485406285,5485.721380750944,452.5544621485043,1022.4502693166411
2016-12-02,8022.2199890621905,4604.787441947348,5290.559051431057,468.6694552576221,1022.4669044202291
2016-12-05,8020.746065350762,4616.767757127841,5304.323544519222,467.465364249619,1022.4835397944676
2016-12-06,8020.876561616111,4645.071483304,5336.842425487847,464.61471505597314,1022.500175439361
2016-12-07,8123.331739476241,4703.476582841196,5267.778221181943,470.6424236562777,1022.5168113549137
2016-12-08,8117.697868954091,4700.214524990854,5262.017685140875,470.31601344326475,1022.53344754113
2016-12-09,8116.206403077118,4527.107992160362,5068.220224977237,452.9945114727142,1022.5500839980147
2016-12-12,8116.338452467008,4546.825320232056,5090.294308716463,454.96747987136985,1022.5667207255717
2016-12-13,8232.036977353775,4612.5497460543065,5163.874586634328,461.54404120022207,1022.5833577238058
2016-12-14,7782.334639123627,4862.830657002562,5444.07085696636,436.33066563504883,1022.5999949927209
2016-12-15,7455.795883251209,5067.0282640063215,5672.675618218044,418.0226794651706,1022.616632532322
2016-12-16,7449.930950603383,5071.179006302491,5677.322486834951,417.693851398728,1022.6332703426131
2016-12-19,7483.223067751451,5091.812529120402,5700.422275450412,419.5604342464757,1022.6499084235987
2016-12-20,7504.785320208457,5106.484141368576,5716.847543426786,420.7693609613383,1022.6665467752833
2016-12-21,7511.816872598985,5111.268623434272,5722.203900910061,420.2205082327907,1022.6831853976712
2016-12-22,7519.927579342629,5116.787394937327,5728.382315340917,419.78045890858067,1022.699824290767
2016-12-23,7518.545941892831,5049.964728821993,5653.572527617912,425.2762397543458,1022.7164634545749
2016-12-27,7518.668267441885,5049.036898026299,5501.721713325827,436.7126864769456,1022.7331028890993
2016-12-28,7518.790594981157,5049.119045055196,5395.259565017749,445.177591334413,1022.7497425943449
2016-12-29,7518.912924510678,4662.95529316478,4983.701567728343,479.1508498754803,1022.7663825703155
2016-12-30,7830.024932394577,4856.828191762901,5190.910217165709,459.24466258855364,1022.7830228170161
2017-01-03,7509.679847722696,5053.798094300193,5401.42890120914,478.0531444183851,1022.8049395960766
2017-01-04,7508.338833502116,5090.988821130403,5441.177831223624,481.5711211586351,1022.8268568447822
2017-01-05,7508.499726477121,5390.7384204272585,5761.546021356492,509.92528832902116,1022.8487745631431
2017-01-06,7508.660622899831,5203.634562617611,5959.462323336564,492.22660122343353,1022.8706927511695
2017-01-09,7532.6082281683875,5221.271402811627,5977.277128985601,493.8949200899438,1022.8926114088714
2017-01-10,7582.75924069374,5256.033870152151,6017.072972746899,497.18320075436986,1022.9145305362588
2017-01-11,7581.405176581928,5244.531583306847,6003.905230488864,496.0951667109936,1022.9364501333417
2017-01-12,7601.689407968782,5259.612359101872,6021.16960333844,497.5217002345314,1022.9583702001304
2017-01-13,7643.434605895344,5288.495880535613,6054.235268528241,500.2538746101208,1022.9802907366347
2017-01-17,7642.069706897196,5432.65787780327,6219.270973945285,513.8905679537704,1023.002211742865
2017-01-18,7519.729432939618,5346.7741391922655,6120.9518353778285,505.7665804298941,1023.024133218831
2017-01-19,7469.041898447762,5380.905076809529,6079.692909768131,502.3574070939818,1023.0460551645428
2017-01-20,7467.7081410036335,5318.720607912269,6150.213483638225,508.18443385961933,1023.0679775800106
2017-01-23,7467.868163320941,5162.560249966639,6331.050478359759,523.1267680553203,1023.0899004652445
2017-01-24,7468.028189067298,5155.145990737915,6319.4256606398885,523.9004811528324,1023.1118238202546
2017-01-25,7576.800228899147,5231.261863989624,6412.7321554458695,516.1875287120093,1023.1337476450508
2017-01-26,7772.320977045871,5366.255555587493,6578.21390906464,502.8893348485214,1023.1556719396433
2017-01-27,7770.933062624954,5284.181795196274,6477.603949926073,510.6022872893444,1023.177596704042
2017-01-30,7771.099582619153,5298.170453523821,6494.751919460176,509.27246790299563,1023.199521938257
2017-01-31,8026.331437109443,5471.12247246498,6280.419474439406,526.1007277738822,1023.2214476422985
2017-02-01,7997.928132285843,5451.761452984251,6302.968396127773,524.2389806329938,1023.2478402590035
2017-02-02,7996.534842465112,5577.482358455737,6157.943298564551,536.3282477816193,1023.2742335564707
2017-02-03,7956.053927958845,5604.889516669631,6128.001488381614,538.9637080200197,1023.3006275347171
2017-02-06,7664.505612617135,5810.568931800419,6350.426047003408,558.7417490751709,1023.3270221937607
2017-02-07,7704.03777556236,5780.898797586284,6317.999275142851,555.8886820280952,1023.353417533619
2017-02-08,7612.955830645731,5849.542413683808,6393.020536011217,562.4894218912448,1023.3798135543093
2017-02-09,7611.629605442269,5696.414351859555,6225.665420918454,547.764694504219,1023.4062102558495
2017-02-10,7726.020426047576,5783.161780588744,6320.472510788348,556.1062888367705,1023.432607638257
2017-02-13,7620.2075395303655,5703.957609818365,6233.909519281823,548.4900505331365,1023.4590057015494
2017-02-14,7618.88005103321,5699.683099017331,6229.237865774622,548.0790154500833,1023.4854044457439
2017-02-15,7619.076569764686,5703.203284456346,6233.085109919659,548.4175149302447,1023.5118038708586
2017-02-16,7701.52988078697,5766.06373789733,6301.7858973199,554.4621485045575,1023.538203976911
2017-02-17,7571.894847185241,5669.007194849072,6195.711878365824,545.1292342658186,1023.5646047639184
2017-02-21,7519.839330715946,5630.033714187793,6153.11739069367,541.3815614497447,1023.5910062318985
2017-02-22,7428.490293279297,5561.641540112183,6078.3709332023955,534.8050001208925,1023.6174083808687
2017-02-23,7440.580606792846,5570.693445306267,6088.26384647719,535.6754273555935,1023.6438112108468
2017-02-24,7370.053778770114,5517.8906656111185,6030.555186367318,530.5979351531707,1023.6702147218504
2017-02-27,6973.08847646454,5220.686438625281,5705.737860132524,502.01890761382026,1023.6966189138967
2017-02-28,6985.178790013625,5229.73834384597,5715.630773436394,502.8893348485213,1023.7230237870036
2017-03-01,6983.9646994497,5260.665687536606,5749.431561490515,505.86329456708324,1023.7498355804837
2017-03-02,7310.768147639566,5013.724685283231,5479.547391594426,482.1175560337531,1023.7766480761774
2017-03-03,7224.58735178272,5012.853252208501,5544.428415151728,487.82610798133396,1023.8034612741031
2017-03-06,7405.544661657159,5137.409749149005,5681.084302468415,475.6328731352304,1023.8302751742793
2017-03-07,7450.429761749396,5168.547654777918,5715.517426458469,472.7749703812953,1023.8570897767243
2017-03-08,7499.324879922693,5202.467409268073,5753.0267928876365,469.6970429652553,1023.8839050814565
2017-03-09,7575.420498200459,5255.256824371032,5811.402731759865,464.9556323895644,1023.9107210884944
2017-03-10,7574.1038180092855,5107.494771544282,5648.003524804724,478.0531444183852,1023.9375377978561
2017-03-13,7478.940556260194,5044.344206496263,5578.1699508240345,483.9889745883603,1023.9643552095603
2017-03-14,7700.181358065689,5193.565175486848,5743.182466065196,469.6970429652553,1023.9911733236253
2017-03-15,8279.306083265095,5584.1692230017225,6175.12280782691,505.2104741410574,1024.0179921400693
2017-03-16,8201.644250022498,5634.608875269397,6230.900316476539,500.47148141879626,1024.0448116589112
2017-03-17,8165.586971776572,5607.58333424653,6201.0147546141325,498.27123479774644,1024.0716318801688
2017-03-20,8257.51322098712,5670.712182770781,6270.824313885405,503.88065475470853,1024.0984528038607
2017-03-21,8256.077986588052,5756.153815897257,6365.307943658657,511.47271452404533,1024.1252744300054
2017-03-22,8256.294217201987,5756.15381589259,6365.3079436534945,511.47271452404533,1024.1520967586216
2017-03-23,8256.510453479104,5696.834465239127,6299.711028420905,506.2017940472446,1024.1789197897272
2017-03-24,8256.726695419551,5674.521681179223,6298.616078678746,504.2191542348701,1024.2057435233407
2017-03-27,8256.942943023478,5795.881447232341,6298.781042433187,515.002780531444,1024.2325679594805
2017-03-28,8257.159196291033,5943.797709703392,6298.946010508108,501.6804081336588,1024.2593930981652
2017-03-29,8298.884812405731,5972.644538948971,6330.776255864129,504.31586837205924,1024.286218939413
2017-03-30,8159.628424779407,5872.422771582493,6224.544990797735,495.85338136802136,1024.3130454832421
2017-03-31,8158.2102036896595,5938.855486264475,6294.96114397388,501.46280132498356,1024.3398727296712
2017-04-03,8158.465957104776,5839.20766799757,6398.460748695823,509.70768152034617,1024.3719849717131
2017-04-04,8158.721718537558,5767.556604452323,6477.375402583246,515.9941004376313,1024.4040982204485
2017-04-05,8158.97748798826,5761.972565124001,6476.282988113552,516.5260281921709,1024.4362124759089
2017-04-06,8159.23326545713,5767.188744627471,6476.486014445322,516.0908145748203,1024.4683277381255
2017-04-07,8151.232399673771,5762.686932533082,6476.689047141808,516.5260281921709,1024.5004440071302
2017-04-10,8099.469967591297,5726.0923813864665,6476.892086203207,519.8384873908942,1024.5325612829542
2017-04-11,7860.384171626209,5557.0655981214695,6477.09513162972,535.2160352039457,1024.5646795656296
2017-04-12,7786.307046660228,5607.561587071419,6537.246675298176,540.2935274063684,1024.5967988551874
2017-04-13,7767.16414594666,5596.01823091832,6523.789530786806,539.1813148286948,1024.6289191516596
2017-04-17,7752.535406099228,5585.4786448682025,6511.502572757847,538.1658163882103,1024.6610404550775
2017-04-18,7811.221852530077,5541.312759571541,6460.014366639368,533.9103943518942,1024.693162765473
2017-04-19,8095.054993137177,5340.307799190068,6225.684526731451,514.5433883797962,1024.7252860828773
2017-04-20,8154.2007420755435,5381.462371890174,6273.66217073582,518.5086680045454,1024.7574104073221
2017-04-21,8168.269542948209,5390.747245406127,6284.486395772005,519.4032737735437,1024.7895357388388
2017-04-24,8166.891957848307,5297.145683958853,6175.3665070516245,510.3846804806692,1024.8216620774592
2017-04-25,8167.147983429526,5296.252316161932,5909.149096683357,488.38221427017095,1024.853789423215
2017-04-26,8180.474921929996,5304.894602189277,5919.973321524779,489.2768200391692,1024.8859177761376
2017-04-27,8022.209650812366,5202.2623478912765,5805.441317981981,479.8109238617954,1024.9180471362583
2017-04-28,8180.47491271863,5304.894596215869,5919.97331485878,489.2768200391692,1024.9501775036092
2017-05-01,7967.069468579237,5441.541253048347,6072.4635382441775,476.5129717836504,1024.9867828670915
2017-05-02,7965.76059292108,5421.8569677290525,6050.496948390457,478.2707512270605,1025.0233895379083
2017-05-03,8041.612169758382,5474.569351403139,6109.321096364253,473.6550690297153,1025.0599975161063
2017-05-04,8206.837263412894,5587.051303368609,6234.84482581098,463.957058923088,1025.096606801732
2017-05-05,8205.48899733251,5465.366110900963,6099.050781432457,474.0951183539254,1025.1332173948322
2017-05-08,8208.242123561562,5468.292937507273,6102.316960447387,473.8750936918204,1025.1698292954536
2017-05-09,8220.26191896721,5476.3004696119015,6111.252929959597,473.2150197055054,1025.2064425036428
2017-05-10,8064.228269806485,5372.351574236377,5995.251626715774,482.23119514495033,1025.2430570194467
2017-05-11,7902.909985745404,5264.882079533016,5875.321526453446,491.91228027756955,1025.2796728429116
2017-05-12,7776.453026851832,5180.637038413746,5781.308650930713,499.8186609927707,1025.3162899740846
2017-05-15,7752.932781241744,5164.967959575429,5763.822812728117,501.36608718779473,1025.3529084130123
2017-05-16,7751.659085181139,5130.216298988773,5725.041853071202,504.775260523707,1025.3895281597415
2017-05-17,7751.935930148467,5038.923467740106,5623.16402778594,513.7938538165816,1025.426149214319
2017-05-18,7516.185875944654,4884.673128143906,5451.029053630413,498.2712347977465,1025.4627715767908
2017-05-19,7589.4949461790375,4932.315755845433,5504.195630181054,503.13112019149395,1025.4993952472043
2017-05-22,7588.248100619082,4994.654123361619,5573.761851619446,509.49007471167084,1025.536020225606
2017-05-23,7588.519109479819,4878.273372081706,5443.887274576621,497.6184143717207,1025.5726465120426
2017-05-24,7697.615847328569,4949.381774789485,5523.240377424803,504.87197466089594,1025.609274106561
2017-05-25,7617.25186731828,4897.709669308863,5465.577123231958,499.6010541840953,1025.6459030092078
2017-05-26,7684.344727726879,4940.848764206676,5513.718002563355,504.001547426195,1025.6825332200297
2017-05-30,7580.387651110098,4874.006865289876,5439.126085471505,497.1832007543702,1025.7191647390732
2017-05-31,7613.934081147547,4895.576412631502,5463.1965250174835,499.3834473754201,1025.7557975663856
2017-06-01,7577.069868815816,4871.87361110498,5436.745490038486,496.96559394569493,1025.7928387479644
2017-06-02,7575.828071292266,4901.976168496787,5470.338303851529,500.03626780144594,1025.8298812671417
2017-06-05,7577.609770095663,4904.10942052764,5472.718896880754,500.2538746101213,1025.866925123965
2017-06-06,7930.669991388648,5132.604422221907,5727.706868474681,523.5619816726712,1025.9039703184835
2017-06-07,7987.768436126079,5169.557634280856,5768.944639615949,519.6208805822193,1025.941016850745
2017-06-08,8126.981864439656,5259.6543674157365,5869.487684579539,510.60228728934476,1025.9780647207979
2017-06-09,8125.649942452935,5346.458140235306,5966.355965258948,502.2123358881988,1026.0151139286907
2017-06-12,8125.943368700856,5367.951083094356,5990.340918376418,500.2296960758242,1026.0521644744713
2017-06-13,8126.236805544727,5316.187472960447,5932.575549976435,505.0895814695716,1026.0892163581884
2017-06-14,8379.605300524534,5483.004482663375,6118.73424323498,489.27682003916954,1026.1262695798903
2017-06-15,8433.21452149363,5446.129300182706,6077.583548851378,486.1819676491215,1026.163324139625
2017-06-16,8431.83241137855,5458.969750372994,6061.262209147539,484.87632679706985,1026.2003800374414
2017-06-19,8432.136894215626,5485.469286075506,6032.276716496389,482.5576053579636,1026.237437273387
2017-06-20,8494.433249989574,5527.09285102108,6075.636529283383,478.93082521337595,1026.274495847511
2017-06-21,8366.438716935001,5443.810347315894,5984.088542773997,486.18196764912153,1026.311555759861
2017-06-22,8264.688474141762,5377.604277648697,5911.311763701796,492.1298870862452,1026.3486170104857
2017-06-23,8126.823215055657,5287.89916543301,5812.703748361433,500.3747672816078,1026.3856795994334
2017-06-26,8125.491319069805,5331.463237039458,5860.5913941728395,496.2885949853724,1026.4227435267521
2017-06-27,8235.69066556344,5404.835772692706,5941.2458846756845,489.4944268478449,1026.4598087924905
2017-06-28,8173.6380779026285,5443.787433408257,5984.063354745132,493.2179211296215,1026.496875396697
2017-06-29,8172.298509481157,5329.782528127645,5858.743881070573,482.888851277836,1026.5339433394197
2017-06-30,8211.665077576266,5356.522443075521,5888.1376344281325,485.3115404144205,1026.5710126207068
2017-07-03,7999.541299040573,5493.191681319817,6038.370792923558,472.7749703812959,1026.6133790434496
2017-07-05,7896.565145817708,5424.676436355655,5963.055661381998,478.71080055127095,1026.6557472146483
2017-07-06,7998.760715651504,5494.881378547634,6040.228186399199,472.5549457191909,1026.6981171343746
2017-07-07,7887.598155783941,5569.501935141215,6122.254559339842,466.1766483715761,1026.7404888027006
2017-07-10,8010.408492146642,5483.244189133143,6027.436048649638,473.43504436761083,1026.7828622196987
2017-07-11,7959.510470016067,5450.597029702072,5991.5487784764755,476.2929471215459,1026.825237385441
2017-07-12,7930.752127591232,5430.903590464766,5969.90083767966,478.05314441838567,1026.8676142999996
2017-07-13,7929.49327808724,5371.268325794376,5904.34699188205,472.99499504340076,1026.9099929634467
2017-07-14,8043.996595292283,5449.904663802446,5990.78769780264,479.9197272661334,1026.9523733758544
2017-07-17,8104.826050309027,5491.117352876226,6036.090594995761,483.5489252641507,1026.9947555372953
2017-07-18,8103.53957002453,5528.705743223089,6077.409495116315,486.85896660944434,1027.0371394478414
2017-07-19,8103.874001816308,5536.119084955269,6085.558583804734,487.51178703547015,1027.0795251075645
2017-07-20,8104.208447410032,5575.931476066836,6129.322208602689,491.0176745085715,1027.121912516537
2017-07-21,8104.542906806273,5595.974955860753,6151.354930196533,492.78270751227075,1027.164301674831
2017-07-24,7978.059304574012,5509.760534171984,6056.584043605303,485.19064774293395,1027.2066925825193
2017-07-25,8063.139523443569,5568.518136023532,6121.173121770763,490.3648540825456,1027.2490852396731
2017-07-26,7861.794252449541,5429.466245643495,5968.320841660653,502.45412123117103,1027.2914796463654
2017-07-27,7961.940392761206,5498.628585815937,6044.347290234749,496.09516671099414,1027.3338758026682
2017-07-28,8078.662016366153,5579.23818906297,5953.818637811358,503.5663338088448,1027.3762737086536
2017-07-31,8060.818906712836,5566.915485304879,5967.460092989572,502.45412123117114,1027.4186733643937
2017-08-01,8059.57459780328,5562.093557798808,5973.173611679419,502.0189076138207,1027.4655595340116
2017-08-02,8059.942395850403,5561.234964813425,5972.2515622909705,500.7132667617692,1027.5124478432763
2017-08-03,8060.310210681961,5561.488751329677,5972.524105517028,499.3834473754204,1027.559338292285
2017-08-04,8060.6780422987185,5561.742549427457,5972.796661180574,491.23528131724686,1027.6062308811358
2017-08-07,8061.045890701444,5561.996359107293,5973.069229282176,488.16460746149596,1027.653125609926
2017-08-08,8061.4137558909,5562.250180369713,5973.341809822402,489.15592736768326,1027.700022478754
2017-08-09,8061.781637867856,5562.504013215247,5973.614402801819,496.5303803283448,1027.7469214877162
2017-08-10,8062.149536633077,5681.926877452279,6101.863504309941,507.28982809062137,1027.7938226369113
2017-08-11,8033.221992504753,5660.403348982686,6078.7492271139845,509.05486109432064,1027.8407259264363
2017-08-14,8139.645432442686,5583.667269446363,6159.279978520222,502.35740709398215,1027.8876313563894
2017-08-15,8138.3889554706275,5511.375480001881,6239.586387298048,495.8533813680216,1027.934538926868
2017-08-16,8138.760350204708,5643.596897709451,6090.46421089818,507.7492202422691,1027.98144863797
2017-08-17,8155.703182962064,5654.216713547795,6104.361103311798,506.6370076645955,1028.0283604897932
2017-08-18,8191.866519376994,5627.399633044681,6103.418803156454,504.43676104354563,1028.0752744824347
2017-08-21,8190.601981292972,5713.174115649382,6103.697332189138,512.1255349500714,1028.1221906159926
2017-08-22,8259.7033467949,5760.2316138519955,6103.9758739324725,507.74922024226896,1028.1691088905645
2017-08-23,8196.346179052305,5802.637890806105,6104.2544283870375,511.69032133272094,1028.2160293062482
2017-08-24,8195.080949465284,5821.282665555084,6104.532995553413,513.3344616649341,1028.262951863141
2017-08-25,8164.082211051759,5798.098807923098,6081.4419702624145,515.2203873401197,1028.3098765613415
2017-08-28,7882.844861396836,5996.042414248394,5871.947678364968,533.0157885828964,1028.3568034009465
2017-08-29,7828.13946990983,6038.201026035714,5831.197517454248,536.7634613989702,1028.4037323820542
2017-08-30,7908.898431350433,6098.078814598225,5891.355037293384,531.2749341134943,1028.4506635047621
2017-08-31,8092.182301067869,6239.398050479554,6027.883576442933,543.7994148794703,1028.4975967691682
2017-09-01,8111.971106082745,6254.656015122149,6042.624298822712,545.129234265819,1028.544940309337
2017-09-05,8110.722120096286,6380.603583169455,6164.302266918839,556.106288836771,1028.5922860288117
2017-09-06,8111.095470797051,6379.621172808729,6076.661968797777,548.1999081215699,1028.6396339276923
2017-09-07,8286.913528443867,6517.9073768318585,6209.59648652616,560.1924611330064,1028.6869840060797
2017-09-08,8216.809721040401,6462.768618372427,6208.640405828656,555.4534684107452,1028.7343362640738
2017-09-11,7985.753309484482,6281.035783321666,6208.92620038702,539.8341352547212,1028.7816907017748
2017-09-12,8021.520558341935,6309.167803087142,6209.212008101006,542.2519886844464,1028.8290473192833
2017-09-13,8020.2854988679255,6196.639727113121,6209.497828971221,532.580574965546,1028.8764061166996
2017-09-14,8020.654686613112,6237.712474339161,6209.7836629982685,536.1106409729446,1028.9237670941243
2017-09-15,8021.0238913526555,6236.752064672247,6210.069510182756,530.5979351531714,1028.971130251657
2017-09-18,8021.393113087337,6237.039153259351,6210.355370525289,521.9178413404583,1029.0184955893988
2017-09-19,8021.762351817939,6237.326255061645,6210.641244026472,524.4565874416695,1029.0658631074498
2017-09-20,8022.131607545246,6237.6133700797345,6210.927130686912,516.5260281921713,1029.1132328059105
2017-09-21,8022.5008802700395,6237.90049831423,6211.213030507213,510.19125220629155,1029.1606046848808
2017-09-22,8022.8701699931,6170.416835689104,6211.4989434879835,515.6556009574704,1029.2079787444616
2017-09-25,8023.239476715212,6070.878736073712,6211.784869629827,524.021373824319,1029.2553549847532
2017-09-26,7858.008579069279,6195.247375297208,6212.070808933349,513.3344616649342,1029.3027334058559
2017-09-27,7745.4922306701565,6194.2935039072345,6212.356761399158,505.98418723857,1029.3501140078697
2017-09-28,7692.770849369334,6194.578638052652,6212.642727027857,509.2724679029961,1029.3974967908957
2017-09-29,7756.663297306205,6194.863785323293,6212.928705820053,505.0895814695717,1029.4448817550337
2017-10-02,7755.465939399898,6195.146487440481,6213.212232328455,506.63700766459584,1029.4918603905107
2017-10-03,7668.755162185669,6125.88102085479,6143.744779841152,512.246427621558,1029.538841169854
2017-10-04,7630.000057590756,6094.923042059239,6112.696524092779,514.8818878599584,1029.5858240931614
2017-10-05,7628.82225206486,6140.987320481985,6158.895131139412,511.0375009066954,1029.632809160531
2017-10-06,7629.170392762872,6046.539154974763,6064.171544144314,518.9438816218965,1029.67979637206
2017-10-09,7582.486936708706,6010.749244728211,6028.277266488631,522.0629125462418,1029.7267857278468
2017-10-10,7634.801143024054,5967.423303406987,5984.824981842914,518.5086680045459,1029.7737772279893
2017-10-11,7704.730866062437,6024.467920323364,6042.0359472868895,523.4652675354823,1029.8207708725852
2017-10-12,7672.346084813097,6047.930229375246,6016.639860667509,521.2650209144325,1029.8677666617325
2017-10-13,7712.9160315244635,6077.491394761712,6048.454739171482,524.0213738243191,1029.9147645955286
2017-10-16,7594.764960515348,5984.392738636728,5955.800883941839,515.9941004376318,1029.9617646740717
2017-10-17,7580.1740159490255,5972.895616189026,5944.358691721613,515.0027805314445,1030.0087668974597
2017-10-18,7550.992126029495,5994.0458485793215,5965.407873863757,513.02014071907,1030.0557712657906
2017-10-19,7549.826516568826,5968.885592318093,5940.367826690154,515.2203873401198,1030.102777779162
2017-10-20,7550.171052302719,5914.117277790066,5885.8611807656525,510.6990014265339,1030.1497864376715
2017-10-23,7550.515603759471,5892.557433162518,5864.404343405801,508.83725428564566,1030.196797241418
2017-10-24,7490.165658219919,5846.637765669304,5818.70406800765,504.8719746608964,1030.2438101904984
2017-10-25,7452.8601053208595,5817.517975213207,5789.7234042522605,502.3574070939824,1030.2908252850114
2017-10-26,7307.583679283804,5704.118795850922,5676.866016346594,492.5651007035957,1030.3378425250542
2017-10-27,7363.1833000928555,5747.518482535068,5675.989706502118,496.31277351966963,1030.3848619107252
2017-10-30,7362.046681755559,5792.0381609428205,5676.248729841899,500.15716047293245,1030.431883442122
2017-10-31,7443.8138809655675,5855.2095155880015,5739.292470356169,494.54774051597025,1030.4789071193427
2017-11-01,7444.493276664261,5852.867431829594,5739.816294659176,494.54774051597025,1030.5259329424853
2017-11-02,7443.344106906389,5877.476143402066,5761.653749715586,496.6270944655338,1030.5729609116474
2017-11-03,7490.369326818362,5913.433100880719,5724.626570189112,493.43552793829673,1030.6199910269272
2017-11-06,7333.963686329072,5789.955305423778,5844.684401429961,503.78394061752,1030.6670232884226
2017-11-07,7386.022897170832,5831.054568646378,5803.730094079879,500.2538746101214,1030.7140576962315
2017-11-08,7336.362110838649,5791.848793216712,5843.281855742584,503.66304794603366,1030.7610942504518
2017-11-09,7335.229632756224,5813.786485660349,5842.379857104694,501.8013008051454,1030.8081329511817
2017-11-10,7237.27430976689,5734.9858919580965,5764.36018565863,495.20056094199595,1030.855173798519
2017-11-13,7250.348825066224,5745.346444505439,5774.773804406859,496.0951667109942,1030.9022167925614
2017-11-14,7249.22962443105,5752.906847592363,5782.372931477582,496.74798713702,1030.9492619334073
2017-11-15,7249.560442449626,5752.018799699321,5797.571186466338,498.0536279890716,1030.9963092211544
2017-11-16,7261.441946385662,5761.445941462096,5805.913470995883,497.18320075437043,1031.0433586559006
2017-11-17,7202.778612050318,5714.900691632311,5759.008979355536,501.2451945163087,1031.0904102377442
2017-11-20,7117.901657703291,5647.55676906749,5691.145288333977,495.53906042215743,1031.137463966783
2017-11-21,7174.511465786101,5600.897276068665,5644.125671782134,499.4801615126093,1031.184519843115
2017-11-22,7107.351480933382,5550.708118642436,5593.549148430267,504.0015474261952,1031.231577866838
2017-11-24,7135.959045781704,5526.6524775797625,5569.307843049943,502.0189076138207,1031.2786380380503
2017-11-27,7134.857502933311,5577.492462978864,5620.5402175428935,506.6370076645956,1031.3257003568497
2017-11-28,7168.131825407527,5602.38831737656,5593.716984888773,504.21915423487053,1031.3727648233344
2017-11-29,7300.090664376609,5497.523781163567,5491.252240171606,494.98295413332073,1031.4198314376022
2017-11-30,7276.131875863067,5481.679999851345,5475.426533346722,493.5564206097829,1031.466900199751
2017-12-01,7293.954175498286,5466.565056214466,5460.328832743684,494.76534732464546,1031.5143804221414
2017-12-04,7292.831138146213,5538.662886753186,5532.344414525027,488.2855001329822,1031.561862830129
2017-12-05,7218.967886850538,5481.458466237778,5475.2052524573255,483.4377040063833,1031.609347423815
2017-12-06,7120.474081791475,5554.558181703579,5400.502911728509,476.84179985009325,1031.6568342032997
2017-12-07,7082.708495421589,5522.876081503995,5371.859712299519,474.3127251626008,1031.7043231686837
2017-12-08,7118.849368114278,5492.993857593371,5342.794581673651,476.7329964457556,1031.7518143200678
2017-12-11,7169.225757776272,5534.062110880172,5382.739873226491,473.21260185207586,1031.7993076575522
2017-12-12,7206.516539727463,5562.847576766407,5410.738235350149,470.7947484223508,1031.846803181238
2017-12-13,7454.34236740928,5754.149060275117,5596.808811078823,487.1732875553086,1031.8943008912258
2017-12-14,7429.185024917951,5771.796580127501,5613.973780836974,485.5291472230955,1031.941800787616
2017-12-15,7428.0411663087925,5793.310031675115,5634.89897306212,483.76411421939616,1031.9893028705094
2017-12-18,7428.383092013274,5877.568062928334,5716.853070320008,490.9934959742741,1032.0368071400067
2017-12-19,7430.873534942437,5878.363065442558,5717.626334451651,490.7758891655988,1032.0843135962084
2017-12-20,7302.328251778925,5776.674368786372,5618.718192262291,499.31091177252847,1032.1318222392154
2017-12-21,7272.236763243564,5752.869806111653,5595.56453657382,501.41444425638934,1032.179333069128
2017-12-22,7182.78355510989,5682.105792660787,5526.735479515962,507.6283275707829,1032.226846086047
2017-12-26,7181.677634503568,5608.202659759901,5454.853138434197,514.2774245025269,1032.2743612900733
2017-12-27,7182.008219664521,5616.1016537823225,5462.536144015084,513.6004255422039,1032.3218786813072
2017-12-28,7193.0816711462,5623.637519725778,5469.865950815296,514.4950313112022,1032.36939825985
2017-12-29,7197.814183986129,5627.337455022768,5473.4647158548705,514.8335307913637,1032.4169200258016
2018-01-02,7379.00182771607,5768.992127939618,5611.2460130035415,527.7932251746903,1032.4701796288189
2018-01-03,7302.9435861940565,5826.7429885249985,5553.408718141595,522.3530549578088,1032.5234419793553
2018-01-04,7349.592641748507,5861.631812918952,5588.882259563838,525.6896926908295,1032.5767070775528
2018-01-05,7332.690809327639,5848.15183879739,5576.029526633508,524.4807659759668,1032.629974923553
2018-01-08,7331.602544935048,5791.266349342984,5521.790994943811,519.379095239247,1032.6832455174977
2018-01-09,7229.79214570092,5712.004101104556,5446.216924928606,512.2706061558551,1032.7365188595284
2018-01-10,7273.8117407794,5746.782432562779,5479.376974196064,515.3896370802006,1032.7897949497872
2018-01-11,7272.732214787955,5716.22949972114,5506.88182121229,517.9767402500064,1032.8430737884155
2018-01-12,7273.107395418084,5559.658311064288,5658.287013162426,532.2178969510873,1032.8963553755555
2018-01-16,7273.482595402768,5472.083612306682,5566.895422560059,540.6562054208279,1032.9496397113487
2018-01-17,7407.44234992734,5573.960419624753,5670.537393791733,530.6462922217659,1033.0029267959371
2018-01-18,7509.798636115558,5495.284753666744,5590.498557450947,523.3685533982933,1033.0562166294624
2018-01-19,7516.162016316609,5502.139262323792,5597.471830443524,524.021373824319,1033.1095092120663
2018-01-22,7540.091106516056,5519.656339046226,5615.292416006843,525.6896926908295,1033.1628045438908
2018-01-23,7538.972061286756,5609.272693828891,5706.461504524451,534.224715297759,1033.2161026250776
2018-01-24,7375.486284844846,5486.511406247679,5581.573199022965,545.7578761575477,1033.2694034557687
2018-01-25,7526.227229424671,5598.645288663699,5695.649964102307,534.6599289151095,1033.322707036106
2018-01-26,7525.110241770711,5645.2702306369165,5743.082751032701,539.326386034479,1033.3760133662308
2018-01-29,7728.483288829865,5796.709814899493,5897.146246431368,524.6983727846422,1033.4293224462856
2018-01-30,7794.809493089982,5745.241568594409,5844.7862378747395,520.249522473948,1033.4826342764118
2018-01-31,7793.652644418882,5673.579764427618,5915.954804597569,526.5842984598277,1033.5359488567515
2018-02-01,7794.088717840654,5683.853420402781,5905.904282073356,525.6896926908295,1033.59377765389
2018-02-02,7529.763496388852,5489.957001556413,5706.7952777157125,507.9668270509445,1033.6516096866872
2018-02-05,7465.608724524967,5443.181702551829,5658.172482419242,503.63886941173655,1033.7094449553247
2018-02-06,7261.675389883824,5294.493733945534,5503.611745995444,489.88128339660074,1033.767283459983
2018-02-07,7168.095439057136,5226.264511806927,5432.687656318161,483.5682680915886,1033.8251252008433
2018-02-08,7167.062892012249,5187.981933323856,5392.893020760172,480.02611281704134,1033.8829701780867
2018-02-09,7087.834137411264,5131.668650236528,5334.3555171140915,474.8156386759837,1033.9408183918943
2018-02-12,7266.528740458366,5261.045477437256,5468.84237489925,486.78643100655273,1033.9986698424473
2018-02-13,7249.637310559518,5248.815899319441,5456.129761916777,487.77775091274,1034.0565245299267
2018-02-14,6919.122835793193,5486.599801986924,5703.3054779515105,510.0703595348054,1034.1143824545136
2018-02-15,6919.897118577543,5485.019138738839,5701.662382831225,510.0703595348054,1034.172243616389
2018-02-16,7074.184567092713,5361.143820428336,5828.787819274532,498.75480548369194,1034.2301080157342
2018-02-20,6876.56448220435,5213.522645944245,5665.958374733381,485.0213980028534,1034.2879756527307
2018-02-21,6849.723254494043,5193.172753367107,5643.842494146949,483.12821876737866,1034.3458465275587
2018-02-22,6865.026993447879,5204.775406088523,5656.452038944299,481.9096206387972,1034.4037206404003
2018-02-23,6793.222876697827,5257.714802147246,5713.9855790902475,487.004037815228,1034.4615979914363
2018-02-26,6725.855226158717,5203.471530507632,5655.035011481514,491.8881017432727,1034.5194785808478
2018-02-27,6938.824092227639,5368.235325476652,5834.097205578591,476.3679005778674,1034.577362408816
2018-02-28,6937.824571173222,5333.609583564312,5796.466600382658,473.485819289635,1034.6352494755224
2018-03-01,6938.215512081597,5386.038992443651,5853.445896052028,478.14018714185585,1034.6935503506913
2018-03-02,6960.134419338612,5401.977122990748,5870.767156624507,476.5879252399723,1034.7518545110684
2018-03-05,6915.580060615625,5435.0051531655445,5906.661398747999,479.6924490437393,1034.8101619568383
2018-03-06,6793.173177924171,5336.630686813479,5799.749878583984,488.2371430643878,1034.8684726881868
2018-03-07,6934.424530960054,5447.5959581854595,5920.3448488818,478.14018714185585,1034.9267867052986
2018-03-08,6933.4283954077055,5465.636665076002,5939.951149886765,479.91489155927405,1034.9851040083588
2018-03-09,6958.462613078728,5484.2780652248375,5960.210273029198,478.1401871418559,1035.043424597553
2018-03-12,6899.568876890394,5529.119230405408,6008.9428081387,482.24086655866967,1035.101748473066
2018-03-13,6922.797288524157,5545.5221742946715,6026.769219110934,480.671679682778,1035.160075635083
2018-03-14,6904.494610942677,5530.860773686378,6010.835484627876,481.9966633622674,1035.2184060837897
2018-03-15,6903.502774846943,5607.254632006371,6093.858893313573,475.39350564568815,1035.2767398193705
2018-03-16,6903.891781749336,5610.795449984648,6097.706987709602,475.1468845958562,1035.3350768420112
2018-03-19,6904.280810571958,5594.411178073886,6079.9008690924875,476.5879252399724,1035.3934171518965
2018-03-20,6904.669861316046,5652.2879320614275,6142.800236991695,471.71111487221685,1035.4517607492123
2018-03-21,6905.058933982835,5498.938876780238,5976.14336734065,484.56200585120575,1035.5101076341434
2018-03-22,6905.448028573559,5408.7716451749275,5975.284889633155,476.8103677555071,1035.5684578068754
2018-03-23,7100.370978606964,5562.529041704514,5975.621592194396,490.3648540825459,1035.626811267593
2018-03-26,7202.600074754514,5480.843225978085,5889.064634517852,497.4249860973432,1035.685168016482
2018-03-27,7201.565415573817,5592.5536840115,6009.095454701179,487.34253729538955,1035.7435280537275
2018-03-28,7093.616541849052,5675.895814052358,6098.645031354399,480.1349162213791,1035.8018913795147
2018-03-29,7195.102424560892,5595.332428763319,6012.081164522018,487.0040378152281,1035.8602579940289
2018-04-02,7107.711343660138,5529.610147837017,5941.463789723115,492.7827075122711,1035.9223273983769
2018-04-03,7207.95462277472,5450.074376202984,6025.25895025023,485.8918252375546,1035.984400521963
2018-04-04,7206.944937104058,5440.311106089545,6036.7746814189995,485.0213980028535,1036.0464773650099
2018-04-05,7207.376781820528,5461.464857549073,6057.832973018904,486.9073236780392,1036.108557927741
2018-04-06,7169.219616919106,5431.458577129998,6024.550137797678,489.4460697792504,1036.1706422103784
2018-04-09,7201.598845434962,5455.9893416818695,6051.759554727329,487.2941802267951,1036.2327302131457
2018-04-10,7291.2662869450505,5523.922118232598,6127.110293855295,493.5564206097831,1036.2948219362656
2018-04-11,7446.642798193273,5404.660049475612,6257.678700497756,504.0740830290872,1036.356917379961
2018-04-12,7532.0674670317485,5468.821839845877,6329.464086902661,498.1503421262608,1036.4190165444547
2018-04-13,7389.6623288568735,5365.425483776866,6209.795986236604,507.62832757078314,1036.4811194299696
2018-04-16,7422.929384973004,5389.579755340628,6237.751476264497,505.403902415436,1036.543226036729
2018-04-17,7378.364479187791,5420.4271403663715,6273.4533918531015,508.4987548054841,1036.605336364956
2018-04-18,7377.330922613501,5431.252014772207,6285.981803968809,509.51425324596875,1036.667450414873
2018-04-19,7377.772976966403,5446.458385770909,6303.581239815692,510.9407867695066,1036.7295681867033
2018-04-20,7378.2150578074825,5525.088132343249,6394.585147360412,503.4212626030615,1036.7916896806698
2018-04-23,7378.6571651383265,5596.336379442695,6477.045910295674,496.9897724799928,1036.8538148969958
2018-04-24,7379.099298960523,5521.590601089698,6390.537200817178,503.6872264803313,1036.9159438359043
2018-04-25,7379.541459275659,5576.323190312505,6453.883195258773,498.75480548369205,1036.9780764976183
2018-04-26,7379.983646085321,5554.554252200994,6428.6884246076415,500.7616238303638,1037.0402128823605
2018-04-27,7330.5746473511645,5518.477416842834,6386.9340869357075,504.0740830290872,1037.1023529903548
2018-04-30,7479.8368062373665,5630.842394027856,6516.982223178938,493.8707415556473,1037.1644968218234
2018-05-01,7490.39397358113,5638.789859591615,6506.051355129603,494.76534732464575,1037.2340526948244
2018-05-02,7513.820901503117,5619.654799535355,6486.575690512877,496.3127735196698,1037.3036132324853
2018-05-03,7512.822040429174,5553.882695684156,6410.65719637506,502.1881573539018,1037.3731784351187
2018-05-04,7513.325876510457,5558.371211052553,6415.838136435214,501.8496578737402,1037.4427483030374
2018-05-07,7520.148827807156,5562.307167684951,6420.381276809732,502.405764162577,1037.5123228365546
2018-05-08,7525.215581989854,5566.054812013892,6424.707054721003,502.74426364273836,1037.581902035983
2018-05-09,7524.215206146937,5551.331924443041,6407.712928210042,501.4144442563896,1037.6514859016352
2018-05-10,7524.719806293698,5550.5939497906575,6504.1159793863735,508.95814695713193,1037.7210744338245
2018-05-11,7525.224440280706,5550.966192003956,6481.25115344567,507.1689354191353,1037.790667632864
2018-05-14,7525.729108110233,5551.338459181118,6480.389558583018,504.96868879808557,1037.8602654990661
2018-05-15,7526.233809784547,5551.710751323817,6480.824156136749,493.4355279382968,1037.9298680327443
2018-05-16,7526.738545305917,5543.7280349524235,6471.505482414602,494.11252689861976,1037.9994752342113
2018-05-17,7527.243314676613,5566.987228940732,6498.657247519755,492.105708551948,1038.0690871037805
2018-05-18,7527.587039032661,5566.128042662582,6497.932406442054,492.2266012234343,1038.1387036417648
2018-05-21,7569.739750396129,5597.297046432031,6462.417066161633,494.9829541333209,1038.2083248484773
2018-05-22,7568.73345566597,5544.801881598884,6523.892684953881,490.3406755482487,1038.277950724231
2018-05-23,7645.96737980321,5602.491879757776,6589.159916971896,495.4423462849687,1038.3475812693391
2018-05-24,7744.848908039558,5528.548060327755,6502.193677385454,501.8496578737402,1038.4172164841145
2018-05-25,7743.8193349103585,5609.730016581623,6597.672779115536,494.5477405159705,1038.4868563688708
2018-05-29,7691.917193212738,5571.009441935901,6552.133032893051,491.3319954544362,1038.5565009239208
2018-05-30,7790.711073642979,5642.562687616705,6636.287689158181,497.6425929060187,1038.6261501495778
2018-05-31,7830.277001749131,5671.219023029785,6669.990759278352,494.9829541333212,1038.6958040461554
2018-06-01,7841.660620902104,5679.463814047631,6679.687559856481,494.3301337072954,1038.7658747948412
2018-06-04,7853.457996832353,5688.008275856902,6689.736806954754,493.65313474697234,1038.8359502705218
2018-06-05,7797.973615603657,5647.822714319944,6642.474071549989,497.2073792886683,1038.9060304735162
2018-06-06,7796.940074695591,5615.901834455916,6604.931530368543,500.0846248700411,1038.9761154041435
2018-06-07,7834.506961750435,5615.157504637977,6604.056114873682,497.6425929060188,1039.0462050627225
2018-06-08,7877.4353301122,5584.024399860254,6604.501626595717,494.9829541333213,1039.116299449572
2018-06-11,7950.088124718881,5637.758907041514,6666.735185778417,499.74612538987975,1039.1863985650111
2018-06-12,7923.9327239869435,5654.812404189239,6686.901204111217,498.10198505766664,1039.256502409359
2018-06-13,7922.882488499276,5656.947815668472,6689.426360486197,497.9810923861804,1039.3266109829342
2018-06-14,7986.693622497561,5701.377653343972,6635.114177915712,502.09144321671306,1039.3967242860563
2018-06-15,7834.7749162291275,5808.314961567922,6762.219061153124,492.54092216929894,1039.4668423190437
2018-06-18,7811.544841236847,5793.416657995339,6744.873997556542,493.8707415556477,1039.536965082216
2018-06-19,7882.5837343723115,5846.102511462371,6806.212489860291,489.4460697792509,1039.6070925758925
2018-06-20,7824.525583345731,5803.0437995013,6854.538582664452,486.03689644333855,1039.6772248003917
2018-06-21,7818.686965993751,5798.7136005823795,6860.578219823919,485.6742184288797,1039.7473617560331
2018-06-22,7817.650679744905,5875.502459829049,6770.653362825849,492.1057085519485,1039.8175034431358
2018-06-25,7894.730746583194,5932.258330378411,6838.764428176334,487.2216446239038,1039.887649862019
2018-06-26,7900.889030599945,5936.885787961435,6844.099005760325,486.9073236780396,1039.957801013002
2018-06-27,7961.197959688362,5982.203121568513,6896.341263563706,483.25636499915464,1040.0279568964038
2018-06-28,7915.270468892663,5947.692287873003,6856.556842737833,486.1094320462303,1040.0981175125437
2018-06-29,7786.0248275487675,5850.574532101628,6744.598560322436,494.1125268986204,1040.168282861741
2018-07-02,7864.11057518229,5909.249722143198,6812.239883428332,489.2284629705757,1040.2434061266147
2018-07-03,7863.105716648527,5800.294148996329,6686.634851349286,498.31959186634197,1040.318534817057
2018-07-05,7863.673607616952,5747.66006688221,6625.957775533408,502.91351338281964,1040.3936689334607
2018-07-06,7864.241539599725,5768.109701347961,6649.532310721369,501.1968374477148,1040.468808476217
2018-07-09,7864.809512599807,5753.002368581133,6665.248864106778,500.08462487004124,1040.5439534457182
2018-07-10,7877.305977187206,5763.293964864708,6674.506286457293,500.9792306390395,1040.619103842356
2018-07-11,7675.050829977162,5909.797589076492,6503.1338330536455,488.11625039290203,1040.6942596665226
2018-07-12,7720.2921128689695,5942.2695089405115,6541.467144968056,490.9934959742748,1040.7694209186095
2018-07-13,7656.04188246408,5892.816433914896,6487.027395136618,486.90732367803946,1040.8445875990094
2018-07-16,7655.063610484447,5867.065722260899,6458.680071947941,484.77961265988137,1040.9197597081136
2018-07-17,7653.5325978366545,5867.065722245516,6458.680071931006,484.77961265988137,1040.9949372463147
2018-07-18,7655.441209423914,5864.1032523457925,6455.418876946861,484.9005053313675,1041.0701202140046
2018-07-19,7654.463014196945,5944.015534694815,6543.389233841485,478.3626296573909,1041.1453086115757
2018-07-20,7723.8877438972195,5996.737978418564,6601.4280240549615,482.79697284750665,1041.2205024394202
2018-07-23,7566.493416013535,5874.538824973654,6466.906736153075,472.9587272419553,1041.2957016979296
2018-07-24,7663.583551411016,5949.918494069428,6549.887426955919,479.02753935056523,1041.3709063874967
2018-07-25,7723.849061149236,5901.608506338143,6496.706029336283,482.794554994077,1041.4461165085136
2018-07-26,7722.862124919337,5788.178380988968,6619.913786171118,473.7082618051701,1041.5213320613725
2018-07-27,7706.851057098404,5777.335942094637,6604.865371548856,472.8209095964609,1041.596553046466
2018-07-30,7683.362490410671,5759.728057947408,6584.735383361237,471.37986895234485,1041.6717794641859
2018-07-31,7682.380727464605,5771.929494513548,6598.68451954902,472.3784424188213,1041.747011314925
2018-08-01,7682.963003146726,5723.153288788527,6542.921746641628,468.38656640634525,1041.8259691241158
2018-08-02,7683.545322961646,5671.688633234752,6484.085437877042,464.1746657317642,1041.9049329178074
2018-08-03,7684.127686912711,5725.871284531179,6483.280073329621,468.60900892188,1041.983902696453
2018-08-06,7767.371893409174,5663.564189460455,6483.771464795496,463.50975603858984,1042.0628784605067
2018-08-07,7865.103094672967,5593.1621975408425,6484.262893505725,457.7480113155549,1042.1418602104216
2018-08-08,7900.011323603954,5620.223978345851,6514.339294614648,459.96276505718305,1042.2208479466517
2018-08-09,7890.50154358849,5613.4585331480675,6506.497542103131,459.40907662177597,1042.2998416696507
2018-08-10,7889.5214932382205,5568.7888689976735,6454.721429696701,455.7532822360316,1042.3788413798725
2018-08-13,7661.506221450348,5408.958908764134,6269.464295031317,442.6726951812189,1042.4578470777706
2018-08-14,7584.801190190335,5354.805802287594,6206.69602977983,438.2407698445328,1042.536858763799
2018-08-15,7128.25349348848,5032.486970980325,5833.099846376976,411.861988926232,1042.6158764384118
2018-08-16,6970.951679074091,4921.433213945014,5704.378667993861,402.7732778838954,1042.6949001020623
2018-08-17,7174.284872663796,5064.984737251915,5870.767646917647,414.52162769892965,1042.7739297552048
2018-08-20,7212.658313720848,5036.635205395325,5837.908018890567,416.73879929398754,1042.8529653982932
2018-08-21,7211.762455800069,5006.1606229462905,5802.585268284968,419.3234846103636,1042.9320070317815
2018-08-22,7212.3090616052505,4971.616459040111,5762.5455109371005,422.2805193549174,1043.011054656124
2018-08-23,7212.85570883968,4970.998952735198,5938.884496645958,409.4223748156394,1043.0901082717744
2018-08-24,7213.402397506501,5104.574268652617,6097.280012845114,420.50581493749917,1043.169167879187
2018-08-27,7331.742752741895,5189.338899228722,6198.5291397276005,427.4885756425452,1043.2482334788158
2018-08-28,7198.63060412005,5282.265338012454,6309.5273323370075,419.72726613312767,1043.3273050711152
2018-08-29,7197.7364885297975,5270.346877821531,6322.196253448043,420.7379288667527,1043.406382656539
2018-08-30,7198.282031255713,5187.5842288170725,6225.4448105147685,414.2991851833948,1043.485466235542
2018-08-31,7198.827615330304,5148.741680847623,6178.831179194758,411.1970792330575,1043.564555808578
2018-09-04,7199.373240756703,5001.636505006426,6002.29522080912,399.44872941802333,1043.6436513761016
2018-09-05,7138.014125005183,4960.008676323773,5952.33906807702,396.1241809521512,1043.7227529385668
2018-09-06,7132.001624810792,4955.830756161622,5947.32528704813,395.79051717884914,1043.8018604964284
2018-09-07,7131.115784962475,4962.763681850352,5955.645257259088,396.3442056142562,1043.8809740501404
2018-09-10,7238.43941863784,5036.46095698013,6044.08687069008,390.36001837568665,1043.9600936001577
2018-09-11,7255.990831865823,5022.997672279367,6027.930036954784,389.4726661669775,1044.0392191469343
2018-09-12,7255.089591771383,5177.384014667515,6213.203877656126,401.4434584975465,1044.1183506909251
2018-09-13,7264.7885882278415,5183.26994499815,6220.267384062123,400.8873522087097,1044.1974882325844
2018-09-14,7312.071675520024,5217.005407811952,6260.752174793393,398.33893469377944,1044.2766317723672
2018-09-17,7174.837960905513,5119.092112777531,6143.249732892526,405.87538383423254,1044.3557813107277
2018-09-18,7158.273352780126,5107.27362220423,6129.0667610963355,406.87395730070904,1044.4349368481205
2018-09-19,7001.414398148185,4995.358141764091,5994.760768905977,415.85144708527827,1044.5140983850006
2018-09-20,6937.180424991719,4949.528587542893,5939.762267115939,419.7296839865573,1044.5932659218224
2018-09-21,6936.318783172394,4993.388662904039,5992.397263773738,416.073889600813,1044.672439459041
2018-09-24,6939.691290247364,4996.815175839868,5996.509306341842,415.85144708527827,1044.751618997111
2018-09-25,6907.455400355717,4973.604232142177,5968.654635917938,417.84617616480153,1044.8308045364874
2018-09-26,6906.597450573033,5087.807349939928,6105.705944519194,408.31499794482517,1044.9099960776248
2018-09-27,6878.959814646595,5066.430273870692,6080.05203676384,406.76273604294164,1044.989193620978
2018-09-28,6942.706515928608,5018.221553767492,6022.198378268841,410.53216953988306,1045.0683971670026
2018-10-01,6941.855207902804,5014.949133032817,6018.27125655247,410.8634154597554,1045.1492655548784
2018-10-02,6942.392375270081,4875.011913127612,5850.337320247907,422.3917406126847,1045.230140200427
2018-10-03,6942.929584203881,4946.144120951627,5935.7006829473585,416.29391426291807,1045.311021104133
2018-10-04,6934.161552185538,4938.908544700159,5927.017512007105,415.8514470852784,1045.3919082664802
2018-10-05,6889.813108083994,4907.321032948541,5889.110404876427,413.1918083125808,1045.472801687953
2018-10-08,6919.365300213386,4928.369803318836,5914.370324039098,414.9640948765693,1045.553701369036
2018-10-09,6793.697928203631,5016.668710373343,6020.334863302483,407.4276457361161,1045.6346073102131
2018-10-10,6886.103959111281,5082.897404575931,6099.813684743169,412.96936579704595,1045.7155195119692
2018-10-11,7338.901581737925,4747.423598542242,5697.222888581329,440.12427766628855,1045.7964379747884
2018-10-12,7377.781424731303,4774.473344924028,5729.6843765901,437.684663555696,1045.8773626991554
2018-10-15,7261.2191155888395,4699.040961395026,5639.1605181095465,444.66742426074194,1045.9582936855545
2018-10-16,7260.32875185302,4711.470443509303,5654.076720239985,443.5600473899279,1046.0392309344707
2018-10-17,7260.890563006436,4735.750274428574,5683.2141261556135,441.34287579487,1046.1201744463879
2018-10-18,7261.452417633334,4735.169581264088,5661.2406346731195,443.1175802122882,1046.2011242217914
2018-10-19,7262.0143157370785,4735.535993195971,5660.5464587667575,443.673686501125,1046.2820802611657
2018-10-22,7262.576257321034,4735.902433481158,5660.984477242732,440.0130564085212,1046.3630425649953
2018-10-23,7263.138242388564,4736.268902121845,5661.422529612995,445.7772189849859,1046.444011133765
2018-10-24,7263.7002709430335,4736.635399120223,5661.860615880168,439.7930317464162,1046.5249859679598
2018-10-25,6954.678191563581,4535.123102948836,5420.986147577145,421.1707246306736,1046.6059670680643
2018-10-26,6980.310272856903,4551.837700065784,5440.965671258517,422.722986532557,1046.6869544345636
2018-10-29,6979.454353894427,4535.123103581282,5420.986148333128,421.17072463067353,1046.7679480679424
2018-10-30,6979.99443071943,4498.186487039646,5463.808302615331,424.4976909499752,1046.8489479686855
2018-10-31,7061.696624909698,4551.738271677397,5526.670478000728,419.5096593244524,1046.9299541372784
2018-11-01,6829.670882371525,4402.182080237515,5345.080997521125,433.3663773302069,1047.0209373356736
2018-11-02,6828.898479151479,4383.838908911541,5322.808920923273,435.247467298533,1047.111928440942
2018-11-05,6829.4919429478805,4399.1151106531415,5341.357116830456,433.8064266544169,1047.2029274537708
2018-11-06,6830.085458319113,4435.848807724048,5385.958767240111,430.25943567301016,1047.2939343748474
2018-11-07,6830.679025269657,4461.746579971638,5385.349640978171,427.82223941584726,1047.3849492048585
2018-11-08,6831.272643803996,4461.241977702399,5385.817653506494,429.4833047220684,1047.4759719444917
2018-11-09,6952.735990189816,4540.5650274331265,5481.580107931742,421.8356343238479,1047.5670025944346
2018-11-12,7109.205096063512,4642.7489951555135,5604.941319902586,412.4156773616389,1047.6580411553743
2018-11-13,7108.401078856424,4593.476629712539,5663.157412616246,408.2037766870578,1047.7490876279987
2018-11-14,7257.501728025003,4690.744747185539,5780.811052599655,416.8476026983251,1047.840142012995
2018-11-15,7367.5404135809395,4761.866106242959,5868.460063721337,423.1678715636264,1047.9312043110508
2018-11-16,7257.813762796928,4690.946424776837,5781.059597364222,429.37450131773073,1048.0222745228543
2018-11-19,7251.596117683926,4686.927771079373,5776.10706232705,429.81696849537036,1048.1133526490923
2018-11-20,7250.775996731065,4711.919492998281,5806.906525968511,427.5997969003124,1048.2044386904536
2018-11-21,7251.4061236926855,4711.386597365142,5654.379258315692,438.905679537707,1048.2955326476256
2018-11-23,7414.198781929618,4817.156310864012,5782.449847722095,429.0408375444286,1048.3866345212962
2018-11-26,7455.7240923010395,4789.086875119003,5748.755673405327,426.7124446916033,1048.4777443121534
2018-11-27,7454.880885447318,4694.571846836124,5635.301100700428,418.29106119587084,1048.5688620208853
2018-11-28,7635.106967959465,4809.004765219487,5772.664841625328,428.4871491090216,1048.6599876481798
2018-11-29,7571.904008253674,4847.725667305258,5819.144893323997,424.9401581276148,1048.7511211947256
2018-11-30,7544.244635618402,4828.0783425946875,5795.560508170341,423.38789622573125,1048.8422626612105
2018-12-03,7682.498416093149,4916.556396466445,5901.768377735139,431.1467878817191,1048.9338282555696
2018-12-04,7681.632610754913,4951.958646265938,5944.264763725441,434.2513116854861,1049.0254018437506
2018-12-06,7682.303229474899,4951.400568411775,5977.626412043886,436.688507942649,1049.116983426451
2018-12-07,7682.973906740964,4951.832833540763,6133.876756961714,448.10319398438116,1049.208573004369
2018-12-10,7683.644642558218,4970.062929288077,6155.23175294955,446.44212867816,1049.3001705782028
2018-12-11,7684.3154369317745,5000.539419976508,6192.975714318421,443.7824899054623,1049.39177614865
2018-12-12,7684.986289866744,4894.015245358679,6061.049621753165,453.3136681254386,1049.483389716409
2018-12-13,7675.404484679514,4888.8920856275545,6054.704785500365,453.8673565608456,1049.5750112821777
2018-12-14,7809.79615672483,4974.49361752702,6160.7189898968045,445.99966150052023,1049.666640846655
2018-12-17,7994.189320007883,5091.943880691359,6013.872754647663,456.70833434077264,1049.7582784105382
2018-12-18,8186.965705758983,4968.006172267243,5869.900879677893,467.7216567131705,1049.8499239745263
2018-12-19,8631.320511903174,5239.636301224914,6190.8428989966815,442.2302280035788,1049.9415775393177
2018-12-20,8273.987531430756,5455.374011032602,6445.745757139048,460.6155854832084,1050.0332391056108
2018-12-21,8178.602861837666,5514.853198162099,6374.015831800084,455.48973621219125,1050.1249086741043
2018-12-24,8438.696549752458,5340.434258268366,6576.720537301292,469.97509610967427,1050.2165862454965
2018-12-26,8437.745522088691,5460.386768048253,6721.810824625828,459.50095505210516,1050.3082718204862
2018-12-27,8587.457448177756,5556.178986831444,6839.732356649819,467.74583524746777,1050.3999653997719
2018-12-28,8415.623954309089,5445.000835017775,6702.870530543291,458.3863246210019,1050.491666984053
2018-12-31,8640.636600612706,5590.586480676932,6882.088452363077,470.64242365627837,1050.5833765740279
2019-01-02,8612.005084864328,5607.882343094605,6903.379895654357,469.0829081941057,1050.6780124575525
2019-01-03,8611.05844784097,5491.681184917383,6760.334679985705,478.887303851641,1050.7726568658175
2019-01-04,8611.834126518612,5543.771314194881,6824.458341863012,474.4311999806576,1050.8673097995907
2019-01-07,8708.744990652836,5607.26534487016,6902.620362397826,469.0829081941057,1050.96197125964
2019-01-08,8710.313947112796,5605.022438856839,6899.859314406285,469.0829081941057,1051.0566412467338
2019-01-09,8709.35650391738,5529.223385304116,6991.6521108989045,475.32338789622617,1051.1513197616396
2019-01-10,8710.141037221503,5615.778216205934,6883.463930552546,467.96827776300256,1051.246006805126
2019-01-11,8710.925641195887,5595.405846831984,6909.67520193744,469.75023574070985,1051.3407023779612
2019-01-14,8711.710315846898,5594.790796296931,6870.340513627802,467.0760898474339,1051.4354064809133
2019-01-15,8712.495061180905,5501.573186226084,6757.24439697645,459.38731594090814,1051.530119114751
2019-01-16,8713.279877204273,5500.270168310427,6755.643980111729,459.27851253657053,1051.6248402802426
2019-01-17,8714.064763923372,5522.942679878587,6783.491233356111,461.1716917720452,1051.7195699781566
2019-01-18,8875.987660205765,5624.4642383023,6908.183927356522,452.59314780338065,1051.814308209262
2019-01-22,8816.418165568413,5586.716721619323,6861.820971348879,455.712178727726,1051.9090549743269
2019-01-23,8815.449059330473,5572.695122558426,6844.59910253359,456.9380304165965,1052.00381027412
2019-01-24,8816.243149384625,5579.124792005123,6852.496270556707,456.4931453855271,1052.0985741094107
2019-01-25,8817.037310969907,5392.219607017046,6622.932112946565,471.868275345149,1052.1933464809672
2019-01-28,8698.178440028782,5320.6077437632775,6622.204116077135,478.2199763050369,1052.288127389559
2019-01-29,8492.91929135818,5195.052327370663,6622.800640019338,489.5911409850339,1052.3829168359546
2019-01-30,8413.50050638529,5146.472477550335,6559.545106242083,494.2575981044033,1052.4777148209234
2019-01-31,8225.278296644505,5260.475128057746,6412.798567883379,505.403902415436,1052.5725213452347
2019-02-01,8268.555751756507,5286.049027095309,6446.539627110167,502.8409777799274,1052.6727663472675
2019-02-04,8301.142271264265,5306.881436637183,6471.945549936742,500.95505210474187,1052.7730208964433
2019-02-05,8300.272627830169,5279.717312188997,6438.817857818607,503.6146908774395,1052.8732849936716
2019-02-06,8301.063129985203,5367.159366021211,6545.456797831432,495.3698106820769,1052.9735586398617
2019-02-07,8301.853707426155,5414.025734103936,6602.612132084932,491.138567180058,1053.0738418359226
2019-02-08,8424.437103706747,5492.885271816529,6698.784364357844,498.48884160642234,1053.1741345827643
2019-02-11,8311.25045662355,5419.085531955448,6608.782749721608,491.7913876060838,1053.274436881296
2019-02-12,8310.379754236752,5416.954131668177,6606.1834252842655,491.59795933170574,1053.3747487324276
2019-02-13,8311.171218975252,5384.9831264759205,6567.193557647021,488.6965352160356,1053.475070137069
2019-02-14,8311.962759091346,5332.434810362412,6629.902260488346,493.36299233540507,1053.5754010961298
2019-02-15,8312.754374592212,5266.027422502187,6629.20769933265,499.6010541840958,1053.67574161052
2019-02-19,8313.54606548503,5097.808078867208,6629.839052446872,515.6556009574705,1053.7760916811496
2019-02-20,8314.337831776982,5142.140912128239,6630.470465689963,520.3462366111371,1053.8764513089288
2019-02-21,8442.522211503365,5220.390248613453,6732.6942099177,512.3189632244498,1053.976820494768
2019-02-22,8418.630219509885,5205.616758073769,6713.64096112213,513.8663894194739,1054.0771992395769
2019-02-25,8309.500083550065,5138.136698996371,6799.262766953509,507.4107207621078,1054.1775875442665
2019-02-26,8298.41335868723,5131.2812796189555,6787.471329987675,506.7337218017848,1054.277985409747
2019-02-27,8297.5440011392,5044.364359668254,6672.500805062558,498.1503421262608,1054.378392836929
2019-02-28,8298.334243425024,5018.656538125888,6638.495438338984,495.61159602504944,1054.4788098267231
2019-03-01,8299.124560972017,5135.126485058783,6483.042331132585,484.005899562369,1054.57923638004
2019-03-04,8249.295546908,5105.321549394311,6442.820702702781,486.9073236780392,1054.6796724977905
2019-03-05,8209.493375256357,5080.688793361949,6411.734623404063,489.34935564206154,1054.7801181808857
2019-03-06,8208.633333134714,5182.170783302161,6539.803004486905,479.6682705094422,1054.8805734302362
2019-03-07,8304.393254339833,5241.588290815984,6614.78679224822,485.3598974830151,1054.9810382467535
2019-03-08,8525.303190181683,5101.055555408664,6437.437097752063,498.27123479774707,1055.0815126313485
2019-03-11,8542.546630488421,5113.413469670123,6453.032555369302,497.1590222200735,1055.1819965849324
2019-03-12,8402.504278674545,5029.586657940045,6347.244680339142,505.403902415436,1055.2824901084168
2019-03-13,8401.624016363994,4992.768035581747,6300.780264713219,509.1999323001044,1055.382993202713
2019-03-14,8180.927006187906,4860.617580680548,6134.008852085928,495.92591697091365,1055.4835058687322
2019-03-15,8194.089240832365,4868.437793361276,6143.877814828326,496.7238086027229,1055.5840281073865
2019-03-18,8105.543296465443,4815.82908855774,6077.486609265414,491.35617398873313,1055.6845599195872
2019-03-19,8138.648309446559,4835.49810748224,6102.308544789466,493.362992335405,1055.7851013062464
2019-03-20,8137.795689188595,4938.3457500366,6232.100354034473,503.8564762204119,1055.8856522682756
2019-03-21,8098.276881591369,4913.376461128053,6200.5895765143305,506.29850818443424,1055.986212806587
2019-03-22,8076.6151788550715,4900.233899829067,6184.003908950709,507.7492202422693,1056.0867829220924
2019-03-25,8075.769057305713,4803.395947798822,6061.796217209564,517.8800261128175,1056.1873626157042
2019-03-26,8076.538178168315,4781.436497953289,6034.083800525144,520.3462366111371,1056.2879518883342
2019-03-27,8190.923605925655,4850.110739892307,6120.749414713465,512.9717836504756,1056.388550740895
2019-03-28,8405.98211450185,4977.453837244116,6281.454031656127,499.6010541840958,1056.489159174299
2019-03-29,8405.101487846612,4980.329021901686,6285.082461140276,499.40762590971775,1056.5897771894583
2019-04-01,8405.90530906033,4979.809249493214,6412.868699955165,489.3493556420613,1056.6908240689434
2019-04-02,8458.632623223984,5011.04585722541,6451.811818572511,492.5167436350012,1056.7918806120388
2019-04-03,8459.878371761442,5011.783861028843,6452.7620117650695,492.589279237893,1056.8929468196689
2019-04-04,8458.995455926499,5101.328320602256,6568.052116670102,501.39026572209224,1056.9940226927574
2019-04-05,8481.35709758801,5113.793588895908,6584.101374168454,500.06044633574345,1057.0951082322292
2019-04-08,8388.660006292228,5057.902322236181,6512.140361424923,505.6215092241112,1057.1962034390085
2019-04-09,8387.784523167289,5027.669028911303,6473.214451595828,508.7405401484566,1057.29730831402
2019-04-10,8388.586688274465,4979.541324495777,6533.8285813739785,504.0740830290871,1057.398422858188
2019-04-11,8249.701175607053,4898.093528047044,6424.3445806471655,495.82920283372454,1057.4995470724375
2019-04-12,8232.805118933837,4907.102840666526,6436.161204476603,494.81370439323996,1057.6006809576932
2019-04-15,8231.945901615796,4899.16955204992,6425.755894851753,495.7083101622382,1057.70182451488
2019-04-16,8232.733163108769,4993.779162105916,6549.845958089627,486.23032471771586,1057.8029777449226
2019-04-17,8233.520499891432,5026.668682613872,6592.983887495318,483.12096520708945,1057.9041406487468
2019-04-18,8234.307911970986,4945.841955651688,6697.620156796799,475.5458304117607,1058.0053132272772
2019-04-22,8093.748629827086,4862.405812753535,6581.952546830477,467.52339273193286,1058.106495481439
2019-04-23,8032.008383446314,4825.314701253435,6531.744492380861,463.9570589230883,1058.2076874121576
2019-04-24,8031.170122294496,4871.659732296264,6594.479033028456,468.41316279407164,1058.3088890203585
2019-04-25,8084.660211002639,4839.170433630176,6550.500181748887,465.2892961628668,1058.4101003069673
2019-04-26,7923.49584128354,4936.562889423771,6682.334616622951,474.653642496192,1058.5113212729093
2019-04-29,8096.064461572121,5042.103417987817,6538.075815011626,464.4067796610171,1058.6125519191105
2019-04-30,8078.265796287668,5052.135711617863,6553.699881440439,465.51657438526087,1058.7137922464965
2019-05-01,8077.425913138553,4960.241960352443,6434.494044315284,457.0492516743636,1058.8154623805137
2019-05-02,8078.201602452433,4878.0046629719145,6327.8146918874845,449.4716990256052,1058.9171422780914
2019-05-03,8128.688811908793,4909.466857360599,6368.627882863492,452.37070528784557,1059.0188319401673
2019-05-06,8128.645365302079,4909.4406170061375,6368.59384351504,452.36828743441583,1059.1205313676787
2019-05-07,8127.800244277391,5008.602943156864,6497.228575880386,461.50535554534696,1059.2222405615641
2019-05-08,8221.9271652704,5065.605151708271,6571.172624249104,456.15706375879506,1059.3239595227608
2019-05-09,8237.582701379248,5054.906307189282,6583.684925590201,455.37609710099383,1059.425688252207
2019-05-10,8236.726254330486,5019.048865259729,6631.651384508444,452.1458449188811,1059.5274267508407
2019-05-13,8490.853791535133,5174.90527955176,6834.931253401616,466.1863197852947,1059.6291750196
2019-05-14,8458.354179854143,5193.636707180433,6859.671420265334,464.4019439541576,1059.7309330594233
2019-05-15,8457.474779581353,5204.58495400077,6874.1316877137,463.51217389201884,1059.832700871249
2019-05-16,8458.286965651456,5261.891732891173,6949.821555046637,458.497545878769,1059.9344784560149
2019-05-17,8398.628677749255,5225.830751572635,6902.192793759675,461.72779806088164,1060.0362658146603
2019-05-20,8416.42628024405,5236.904852118117,6916.81928677409,460.83802799874286,1060.1380629481234
2019-05-21,8415.551239141565,5230.327244916208,6908.131689492924,461.50535554534696,1060.239869857343
2019-05-22,8557.67329872439,5319.703218206282,7026.178030467967,453.7077782344836,1060.3416865432578
2019-05-23,8521.510633592614,5341.076842691085,7054.407968234538,455.7121787277257,1060.4435130068066
2019-05-24,8563.947232901563,5369.811506753804,7092.360248102215,458.16388210546694,1060.5453492489285
2019-05-28,8509.804531732472,5402.643771011034,7047.5211650189785,455.26729369665617,1060.6471952705626
2019-05-29,8508.919782256691,5406.349833241417,7044.040334515515,455.04243332769175,1060.749051072648
2019-05-30,8509.736908680226,5314.716610344072,7164.783979494531,462.84242849198495,1060.850916656124
2019-05-31,8510.554113573837,5098.236767940527,7457.997139782029,481.78389226045124,1060.9527920219298
2019-06-03,8171.814083247526,4896.3346232371605,7159.659750758576,500.95505210474147,1061.0534141319665
2019-06-04,8137.078266592864,4875.521841641785,7129.226284470845,503.1794772600885,1061.154045785132
2019-06-05,8136.22258181626,4874.338157269743,7127.495443340034,503.3970840687637,1061.2546869823314
2019-06-06,8136.99423149763,4816.967334737721,7043.605023146722,509.4175391087792,1061.3553377244698
2019-06-07,8137.765954363235,4815.823375663895,7041.93227028818,509.6351459174544,1061.4559980124523
2019-06-10,7990.200672796876,4727.533010492416,6912.829783930724,500.49565995309365,1061.5566678471844
2019-06-11,8036.520674866637,4754.938997875987,6952.904157906052,503.39708406876383,1061.6573472295713
2019-06-12,8035.6755645981775,4676.5170330994315,6838.231728836058,511.59360719553194,1061.7580361605187
2019-06-13,8036.437678272755,4622.370637188121,6759.056222812628,517.6140622355475,1061.8587346409322
2019-06-14,8037.199864227162,4602.951136633507,6730.660080146876,519.8868444594891,1061.9594426717176
2019-06-17,8037.962122468252,4580.062373772772,6697.1910126078765,522.5706617664839,1062.0601602537804
2019-06-18,8038.724453002884,4540.243953267272,6638.966572374762,527.2129403515561,1062.1608873880266
2019-06-19,8039.486855837909,4481.345929710654,6638.268427113988,534.1521796948671,1062.261624075362
2019-06-20,8040.2493309801885,4282.186593212387,6638.898008921162,557.9922145119565,1062.3623703166932
2019-06-21,8093.339222918946,4309.605502320713,6639.527650438674,561.7882443966248,1062.4631261129255
2019-06-24,8399.865517460772,4472.827056388602,6640.157351672186,583.0653545782055,1062.5638914649653
2019-06-25,8572.958207884016,4564.996825937748,6778.316464484907,570.9277303609856,1062.6646663737192
2019-06-26,8609.80125866715,4544.418248288704,6747.760449439804,568.5824125341524,1062.7654508400935
2019-06-27,8680.632057339764,4579.986336100869,6800.573576024602,564.0126695519721,1062.8662448649943
2019-06-28,8594.828520330238,4624.293868802401,6866.363430840065,569.694625111826,1062.9670484493288
2019-07-01,8593.921288474296,4797.793359673231,6607.29387575203,548.1999081215698,1063.0674397816822
2019-07-02,8594.732936595983,4616.504929563894,6858.2037634627895,569.0176261515029,1063.1678405954392
2019-07-03,8595.544661373327,4595.602820207485,6890.551031688355,571.7014434584978,1063.2682508914954
2019-07-05,8596.356462813568,4595.117728821903,6824.690826011008,566.2370947073192,1063.3686706707463
2019-07-08,8602.868164952766,4598.598510252277,6828.49556120608,565.8018810899687,1063.4690999340874
2019-07-09,8516.630001888725,4552.500548434286,6760.044330477193,571.5805507870116,1063.5695386824145
2019-07-10,8515.731024320443,4450.332215895121,6608.333759596929,584.5160666360409,1063.6699869166232
2019-07-11,8516.535287806073,4393.32562256099,6691.5882098176635,577.2625063468657,1063.7704446376097
2019-07-12,8517.339627249921,4447.609647948531,6610.170769392517,584.3951739645547,1063.87091184627
2019-07-15,8518.144042659162,4440.801143273014,6621.5383609282635,583.5005681955564,1063.9713885434999
2019-07-16,8518.948534040968,4440.33239206366,6620.839420801398,580.2848231340221,1064.0718747301955
2019-07-17,8175.256306559863,4261.189658135092,6353.725346894609,603.689644333761,1064.1723704072535
2019-07-18,7823.831655350192,4078.016552217081,6080.601712578357,629.7541043061975,1064.2728755755697
2019-07-19,7905.512328915337,4120.590977826957,6144.083094264931,623.2984356488315,1064.3733902360407
2019-07-22,7839.2326711270825,4086.0440252029252,6092.5712240701305,628.641891728524,1064.4739143895629
2019-07-23,7838.40519660696,4136.162671518849,6167.30155503336,621.0498319591871,1064.5744480370329
2019-07-24,7839.145490431084,4096.847998432824,6108.680687404372,627.0702869992026,1064.6749911793477
2019-07-25,7839.8858541718455,4201.721432318092,6265.0541531618965,611.1366328973144,1064.7755438174033
2019-07-26,7799.856654337058,4179.4277736848035,6231.812782723731,608.1384946444552,1064.8761059520973
2019-07-29,7936.9247402837545,4252.873503610225,6341.325391475476,618.8254068038401,1064.976677584326
2019-07-30,7936.086953823492,4262.17884565012,6355.200293163442,620.1794047244862,1065.0772587149866
2019-07-31,7552.391858847457,4056.962832573614,6049.209176015304,590.3189148673813,1065.1778493449765
2019-08-01,7944.31815018085,4267.496187670292,6363.128813948049,620.9531178219983,1065.279294854438
2019-08-02,7943.48588831954,4251.378006572348,6339.095503064472,618.6077999951649,1065.3807500253765
2019-08-05,7944.242410785095,4384.643799698229,6537.803919161702,637.9989845015602,1065.4822148587123
2019-08-06,7944.9990053004085,4384.184456084222,6551.431053811642,639.328803887909,1065.5836893553653
2019-08-07,8098.451968382586,4468.86238933961,6679.278359005177,651.8049275852904,1065.6851735162566
2019-08-08,8239.644650180462,4546.774892593308,6795.728419790166,663.1688387049983,1065.7866673423057
2019-08-09,8238.781449353979,4606.826066227139,6885.48247116622,654.2711380836099,1065.8881708344336
2019-08-12,8239.566095206299,4548.462037891564,6798.25007118539,646.2438646969226,1065.9896839935607
2019-08-13,8083.164281704237,4463.0337222190565,6670.566681005644,634.1062404797027,1066.0912068206078
2019-08-14,8061.897663663918,4451.291583848032,6653.016574540715,632.4379216131923,1066.1927393164956
2019-08-15,8166.997905276106,4509.321571385249,6739.749708426259,640.6828018085549,1066.2942814821447
2019-08-16,8030.460048642677,4433.9336369975,6627.072934156509,629.9717111148728,1066.3958333184764
2019-08-19,8029.61876239244,4380.668571943798,6547.461577773534,622.4038298798333,1066.4973948264117
2019-08-20,7765.0283930094965,4235.44153715389,6330.401461326746,642.907226963902,1066.5989660068713
2019-08-21,7809.727611294781,4259.8227649127275,6366.842280655633,639.3288038879089,1066.700546860777
2019-08-22,7808.909449394009,4294.787494247259,6419.101477656131,634.2029546168918,1066.8021373890492
2019-08-23,7809.653155055856,4118.934732846917,6156.267350923,660.2915931236256,1066.9037375926102
2019-08-26,7810.396931546814,4117.004405762909,6153.382233684041,660.7268067409761,1067.0053474723811
2019-08-27,7811.140778873628,3989.2781599889936,5962.479253249962,681.3510964965312,1067.1069670292832
2019-08-28,7858.465432134847,4014.245495464224,5999.796084468472,677.2165671317013,1067.2085962642384
2019-08-29,8046.260298566431,4110.174491163769,6143.174065071666,661.1620203583266,1067.3102351781683
2019-08-30,8101.597503809559,4138.441730969958,6185.423019426734,665.9735486834795,1067.4118837719948
2019-09-03,8233.074924457127,4070.3249194176287,6083.613855114305,676.7813535143507,1067.502105490742
2019-09-04,8232.124200370545,4145.767004529129,6196.371564469041,689.5959766918936,1067.5923348353729
2019-09-05,8666.840499630218,4363.8646381312265,6522.345979734937,653.1589255059365,1067.6825718065315
2019-09-06,8916.947110795649,4236.924930192935,6332.618579277668,634.420561425567,1067.7728164048629
2019-09-09,8680.25308999668,4126.153537613914,6167.05676492982,617.8340868976528,1067.8630686310112
2019-09-10,8616.050536991612,4095.634889314246,6121.442796681363,613.2643439154724,1067.9533284856216
2019-09-11,8538.987807630772,4059.0031632489254,6066.692062860432,618.6077999951648,1068.0435959693386
2019-09-12,8687.948705381383,4129.811644159251,6172.524266444633,607.9208878357799,1068.1338710828074
2019-09-13,8483.713940901753,4032.7287610653802,6027.421655626817,593.8731594090772,1068.2241538266728
2019-09-16,8698.552722069324,4134.852257666282,6180.0580989461505,608.9122077419672,1068.3144442015796
2019-09-17,8443.365602978844,4013.549200800103,5998.75538429103,626.6350733818521,1068.4047422081726
2019-09-18,8612.897901643528,4094.1362858335156,6119.202944807327,614.1589496844706,1068.4950478470973
2019-09-19,8611.903317048402,4171.154535373347,6002.676218630344,625.958074421529,1068.5853611189987
2019-09-20,8433.670512131886,4083.9936780509624,5879.644769650883,638.8935902705582,1068.6756820245216
2019-09-23,8294.024365267236,4016.370218000086,5782.288614245769,649.5805024299432,1068.7660105643117
2019-09-24,8293.066602971723,3971.602271005158,5717.8370880812245,656.9307768563075,1068.8563467390143
2019-09-25,8293.76756455364,4113.625869853073,5922.3056489952705,633.5501341908658,1068.946690549274
2019-09-26,8294.4685853835,4160.633509835914,5989.981616772637,626.4174665731769,1069.0370419957371
2019-09-27,8097.8378152609075,4061.1683542556607,5846.783603290635,611.6927391861511,1069.1274010790485
2019-09-30,7879.5396432092075,3951.689052699698,5689.168422288263,595.2029787954259,1069.217767799854
2019-10-01,7878.601602815303,3986.5233748993664,5739.318705680318,600.4497207379294,1069.3043235239138
2019-10-02,7879.239394373625,4056.8341309906054,5840.5437079431385,611.0399187601251,1069.3908862548658
2019-10-03,7879.877237562693,4056.351174566936,5804.259860712933,607.2438888754567,1069.4774559932769
2019-10-04,8063.414849367575,4150.8314544973155,5940.61317133317,621.5092241108349,1069.5640327397145
2019-10-07,7977.463644239194,4194.088554100128,6002.522140288224,614.8843057133881,1069.6506164947457
2019-10-08,7976.513946226614,4076.684647347572,5834.495275679078,632.1961362702198,1069.7372072589383
2019-10-09,8063.153379222962,4121.78018458565,5899.035391417725,625.3052539955032,1069.8238050328591
2019-10-10,8067.888379281618,4118.378337211795,5894.166714012361,625.0392901182335,1069.9104098170762
2019-10-11,8379.413970472944,4275.75404228426,6119.400669341572,601.005827026766,1069.9970216121567
2019-10-14,8352.790939174607,4288.320909445926,6137.386197639065,603.0126453734379,1070.083640418668
2019-10-15,8351.796559343098,4150.420614304447,5940.025182471704,583.6214608670427,1070.170266237178
2019-10-16,8517.591176420741,4233.642238953182,6059.130832736631,595.3238714669121,1070.2568990682546
2019-10-17,8633.825057774488,4174.860538120891,5975.0032669644,603.4478589907883,1070.343538912465
2019-10-18,8615.85641296005,4167.841797428523,5964.958141340695,604.5600715684619,1070.4301857703767
2019-10-21,8790.230076365424,4252.193463458894,6085.681091365802,592.422447351242,1070.5168396425584
2019-10-22,8789.183620448364,4244.07143075994,6074.05694932141,591.5278415822437,1070.603500529577
2019-10-23,8789.895125789068,4289.695417413756,6139.353374631749,597.8867961024208,1070.690168432001
2019-10-24,8790.606688727821,4176.782543030409,6299.490988544421,613.4819507241476,1070.776843350398
2019-10-25,8724.791784805917,4146.346504186795,6251.067067426011,618.0516937063279,1070.8635252853358
2019-10-28,8938.504681834102,4247.910844671758,6404.186326366218,603.0126453734379,1070.9502142373829
2019-10-29,8937.440574179045,4228.159576195056,6374.409146916807,605.914069489108,1071.036910207107
2019-10-30,8851.862740507402,4188.519708175021,6314.647746540127,611.692739186151,1071.1236131950761
2019-10-31,8633.914972023857,4085.391298889071,6159.170484243673,626.8526801905273,1071.2103232018585
2019-11-01,8632.815175755566,4103.475914786791,6186.435004165279,624.1688628835326,1071.288113475329
2019-11-04,8633.4420825719,4030.144906570624,6295.413388763918,613.2643439154724,1071.3659093978554
2019-11-05,8456.078434555811,3948.1564709980007,6164.822637991825,600.7882202180909,1071.4437109698474
2019-11-06,8569.062095691004,3894.3983790495245,6080.882423196984,608.8154936047783,1071.5215181917156
2019-11-07,8567.970560443538,4014.0540179315644,6267.717923958409,590.1980221958951,1071.5993310638698
2019-11-08,8568.592758305664,4051.801131415777,6326.657903018434,584.7336734447165,1071.6771495867208
2019-11-11,8569.215001351207,4051.2850091492705,6326.268749183045,584.8545661162028,1071.754973760679
2019-11-12,8569.83728958345,4051.579209608268,6244.019453647863,592.5433400227286,1071.8328035861543
2019-11-13,8570.459623005669,4025.5668942525,6243.22408453472,596.3151913730997,1071.9106390635575
2019-11-14,8571.082001621147,3991.5482990639234,6243.67746152181,601.4410406441168,1071.988480193299
2019-11-15,8571.70442543317,4027.590624974482,6244.130871432706,596.0975845644244,1072.0663269757893
2019-11-18,8572.326894445016,4027.0775866652207,6244.584314269798,606.1316762977835,1072.1441794114387
2019-11-19,8556.127790534623,4019.4676285890905,6232.783939478954,607.2438888754571,1072.222037500658
2019-11-20,8526.028090737274,4005.3274974541237,6210.857557583678,609.4683140308041,1072.2999012438574
2019-11-21,8524.942037202125,4083.451170927399,6331.999963073892,597.6691892937457,1072.3777706414476
2019-11-22,8502.544605875435,4071.9061002349217,6314.097609369037,596.2184772359105,1072.4556456938394
2019-11-25,8326.004479452795,3987.3602553098804,6182.996669371307,583.8390676757182,1072.5335264014434
2019-11-26,8510.4751110092,4075.7040541097895,6319.986903201331,596.7745835247474,1072.61141276467
2019-11-27,8470.82254670827,4093.6555087286574,6347.823310501381,593.9940520805635,1072.6893047839303
2019-11-29,8327.29448815559,4025.93082246616,6242.806085374151,603.9072511424365,1072.767202459635
2019-12-02,8306.98137223996,4016.110201905499,6227.577748747966,605.4546773374605,1072.8331861566114
2019-12-03,8305.830921290299,3925.828388103162,6087.582333660682,619.1397277497045,1072.899173912109
2019-12-04,8306.341795811251,3925.284692048613,6152.756351137207,612.5873449551495,1072.9651657263773
2019-12-05,8341.071586182668,3941.6967682494414,6151.904243245061,615.2711622621443,1073.031161599666
2019-12-06,8150.630173778888,3851.7008616016255,6152.282634180656,601.2234338354416,1073.0971615322244
2019-12-09,8149.501376228541,3844.5755401612605,6152.661048390297,600.1112212577681,1073.1631655243027
2019-12-10,8150.00263524176,3844.0430969808767,6153.039485875416,604.5600715684623,1073.2291735761503
2019-12-11,8150.5039250863865,3844.2795361396193,6153.4179466374435,617.3746947460053,1073.295185688017
2019-12-12,8151.005245764317,3848.801357676072,6153.796430677811,616.6009816484932,1073.3612018601525
2019-12-13,8138.551726438459,3843.69072401508,6154.174937997952,617.4955874174916,1073.4272220928065
2019-12-16,8231.967637522463,3798.5074371605215,6083.062325619773,610.4838124712887,1073.4932463862287
2019-12-17,8156.295868112151,3765.1093351511013,6029.577439926728,605.1161778572991,1073.559274740669
2019-12-18,8248.199625717387,3807.533948148254,6097.517695216816,611.9345245291239,1073.6253071563772
2019-12-19,8237.115708749412,3802.417390347878,6089.323861057684,612.5873449551495,1073.691343633603
2019-12-20,8339.890024283039,3849.8600703445986,6165.300223902511,605.01946372011,1073.7573841725962
2019-12-23,8584.187784997292,3962.6328037391563,6345.89841338043,622.9841147029674,1073.8234287736068
2019-12-24,8859.710689408916,3834.3483356761117,6140.459190857853,642.979762566794,1073.8894774368844
2019-12-26,8728.990281006923,3779.308266969528,6052.316104688507,652.2884982712357,1073.9555301626788
2019-12-27,8788.628368527157,3752.44052133744,6093.6666556608125,647.9121835634332,1074.0215869512404
2019-12-30,8787.41121329354,3830.438407845646,5967.7538739340425,661.379627167002,1074.0876478028188
2019-12-31,8840.383098310775,3852.762801469286,6004.921976365871,657.3418119393613,1074.1537127176637
2020-01-02,8829.439334060095,3856.4650930295297,6010.692373636252,658.2364177083595,1074.2197816960252
2020-01-03,8774.664119040455,3834.083316038093,5975.808101893714,654.4162092893938,1074.2858547381534
2020-01-06,8791.198067865555,3841.307813349732,5987.068214418241,655.6493145385537,1074.3519318442977
2020-01-07,8873.867813362906,3877.430300507356,6043.368777975149,661.8148407843526,1074.4180130147088
2020-01-08,8530.869426935138,3727.5573967711284,5809.77664171277,636.2339514978611,1074.4840982496362
2020-01-09,8434.907682243027,3685.6269799129427,5744.423830069686,629.0771053458749,1074.5501875493298
2020-01-10,8558.101813030209,3739.4565687242125,5828.322709260551,638.2649483788302,1074.6162809140403
2020-01-13,8556.916583893786,3650.6377466303193,5689.889557730135,623.105007374454,1074.682378344017
2020-01-14,8557.442902175731,3714.3833127102894,5789.243494210085,633.9853478082168,1074.74847983951
2020-01-15,8397.52122472716,3644.2259618821604,5679.896140246125,645.7844725452752,1074.81458540077
2020-01-16,8432.195901042009,3659.2735398834348,5703.349318260736,643.1973693754693,1074.8806950280466
2020-01-17,8431.028108874507,3689.710968750183,5750.789141297937,637.9264488986687,1074.9468087215898
2020-01-21,8431.546684016123,3755.221579305631,5852.8940787883885,649.5079668270519,1075.0129264816499
2020-01-22,8457.576718937351,3766.0637276177404,5869.792667677788,647.4527914117855,1075.079048308477
2020-01-23,8511.362497028511,3790.0139292726963,5907.121488492138,643.4149761841445,1075.1451742023214
2020-01-24,8510.18374091617,3863.839605850837,6022.186300562867,656.2054208273902,1075.211304163433
2020-01-27,8561.894128364964,3840.0643215248206,5985.130106164083,652.1676055997493,1075.277438192062
2020-01-28,8781.018087885532,3742.2582119254507,5832.6893546254405,635.556952537538,1075.3435762884587
2020-01-29,8779.801986615345,3809.7401562248465,5937.866815894741,647.0175777944349,1075.409718452873
2020-01-30,8809.638846045762,3821.925046569831,5917.230732256769,644.7689741047905,1075.4758646855555
2020-01-31,8726.481454681489,3785.8485033179836,5973.813542724807,650.9345003505895,1075.5420149867564
2020-02-03,8725.272906301894,3728.2256438570316,5885.278084688041,641.2872651659864,1075.6081693567257
2020-02-04,8725.809579833829,3662.3003058894565,5884.463020411603,629.9475325805756,1075.6743277957137
2020-02-05,8726.477480911864,3661.8481699015324,5884.91343583255,629.8508184433867,1075.740490303971
2020-02-06,8626.719122507284,3619.9870681047028,5817.638947931119,637.1285572668593,1075.8066568817476
2020-02-07,8625.524390418426,3677.7180522216186,5910.417738402546,627.0461084649056,1075.8728275292938
2020-02-10,8759.498136990951,3734.1057193547135,6001.037699834679,636.9109504581841,1075.93900224686
2020-02-11,8768.808969235599,3729.1022961227623,5992.996756781691,637.587949418507,1076.0051810346963
2020-02-12,8767.594558831386,3767.6015553578595,6054.868466757125,631.0839236925465,1076.0713638930536
2020-02-13,8831.343545687223,3794.2421842221047,6010.377522020399,635.7987378805105,1076.1375508221818
2020-02-14,8821.939924402297,3790.2020722754755,6017.516748388385,635.1217389201876,1076.2037418223313
2020-02-18,8820.718155782735,3914.002637245204,6211.661792069721,655.8669213472289,1076.2699368937529
2020-02-19,8655.500157174005,3839.9079295550155,6327.532208526315,668.1012597016378,1076.3361360366966
2020-02-20,8662.203275060803,3842.8816867104492,6323.410336219152,667.6660460842872,1076.4023392514132
2020-02-21,8661.003628698618,3958.799168964724,6516.680360275146,688.0727290311669,1076.4685465381526
2020-02-24,8661.536349159906,4010.5481769990206,6601.865723292441,697.0671437897443,1076.5347578971657
2020-02-25,8662.069102387732,3867.125518197043,6365.774023778997,672.1390749292785,1076.600973328703
2020-02-26,8662.601888384106,3866.5899520237836,6348.828547524207,670.3498633912819,1076.6671928330147
2020-02-27,8170.639543178649,3647.0004239287423,5989.538675323911,632.4137430788951,1076.7334164103515
2020-02-28,7593.671677488822,3389.4683128076763,5566.588754732517,587.7559902318727,1076.799644060964
2020-03-02,7592.629054352423,3235.8588001160606,5817.3360015314865,614.2314852873625,1076.8671576894405
2020-03-03,7228.630221631712,3081.3754069549364,5537.283168877252,643.6325829928197,1076.9346755509148
2020-03-04,7113.585312984474,3032.334780815264,5449.156343076834,653.9568171377458,1077.0021976456517
2020-03-05,6950.886178229651,3100.8564665507333,5324.525375265977,668.9958654706359,1077.0697239739166
2020-03-06,7048.475828454707,3057.7096325098933,5399.281105062575,659.6871297661942,1077.1372545359752
2020-03-09,7047.508061571016,2842.423734761643,5016.9711467234665,613.2401653811751,1077.2047893320928
2020-03-10,7086.111220609591,2858.561770767242,5045.4553097336175,616.7218743199793,1077.2723283625348
2020-03-11,6503.26486519702,3092.8990378781023,5459.06827437339,565.9953093643467,1077.3398716275672
2020-03-12,5745.120156975866,2731.0945211634235,4820.471432209045,500.0120892671489,1077.4074191274547
2020-03-13,4892.908851793631,3135.4656752757014,5534.199785915846,425.84201745690206,1077.4749708624634
2020-03-16,5644.552838375488,3615.8787114006923,6382.144556174039,491.2594598515441,1077.5425268328586
2020-03-17,6554.659879504437,3031.8747054927367,5351.358325613371,570.4683382093381,1077.610087038906
2020-03-18,7765.947014382531,3593.3714407225484,6342.418485003581,464.8903503469622,1077.677651480871
2020-03-19,7551.3594078946235,3691.6762497379964,6515.929698121852,477.794434101405,1077.7452201590195
2020-03-20,7816.550976952599,3819.845300383478,6742.1522775098065,461.07497763485605,1077.8127930736166
2020-03-23,7275.484797362714,4083.2082623616407,7206.99654587181,493.0486713895406,1077.8803702249281
2020-03-24,7274.485861788407,4675.305485276049,8252.067569972927,564.5445973065115,1077.94795161322
2020-03-25,7274.941960505138,4455.764625952484,7864.570750521565,590.8991996905149,1078.0155372387576
2020-03-26,7404.186646125491,4535.815707629396,8005.86353601498,580.3573587369135,1078.0831271018067
2020-03-27,7854.554763077174,4258.67398572003,7516.699304317787,545.1292342658189,1078.150721202633
2020-03-30,7853.4763202803415,4191.996441328985,7399.011250895909,536.5942116588894,1078.2183195415018
2020-03-31,7853.968720779787,4041.2636410711666,7132.962913165673,517.2997412896832,1078.2859221186793
2020-04-01,7854.171303306315,3859.2784712596253,6811.753117838434,540.414420077855,1078.3137350492102
2020-04-02,7854.373891058186,3697.688648222803,6526.541778703641,563.0697067143792,1078.3415486971383
2020-04-03,7854.576484035535,3719.3148184647853,6564.712678696936,559.8056045842502,1078.3693630624816
2020-04-06,7854.779082238497,3512.1195100086893,6199.006161562231,591.0200923620012,1078.397178145259
2020-04-07,7854.981685667205,3511.507676508619,6261.711627026435,585.0721729248775,1078.4249939454892
2020-04-08,7855.184294321796,3511.5982511113866,6230.723506757516,587.9977755748447,1078.4528104631902
2020-04-09,7855.386908202403,3511.688828050403,6229.63807519397,649.4837882927536,1078.4806276983807
2020-04-13,7855.589527309163,3286.7029781055726,5830.519449989835,690.9983316811335,1078.5084456510795
2020-04-14,7855.792151642209,3291.127682984496,5838.368753084422,690.1037259121354,1078.5362643213045
2020-04-15,7855.994781201676,3349.066891326742,5941.151293340368,677.9902802292125,1078.5640837090748
2020-04-16,7856.1974159877,3276.145656885391,5811.791056482997,692.78754321913,1078.5919038144086
2020-04-17,7856.400056000415,3376.017975427887,5988.961765140474,671.7038613119273,1078.6197246373247
2020-04-20,7856.6027012399545,3282.6197693197955,5823.275951443592,690.3213327208106,1078.6475461778411
2020-04-21,7856.805351706455,3308.4282899996756,5822.261499829092,684.9295195725236,1078.6753684359767
2020-04-22,7857.008007400052,3307.8519408023794,5822.411677209048,729.1520588021956,1078.70319141175
2020-04-23,7857.210668320878,3307.937262380218,5822.561858462627,749.5587417490755,1078.7310151051793
2020-04-24,7857.41333446907,3308.022586158811,5822.712043589929,760.4632607171357,1078.7588395162832
2020-04-27,7857.61600584476,3308.1079121382163,5822.862232591054,758.093764356005,1078.7866646450802
2020-04-28,7857.818682448086,3308.1932403184896,5823.0124254661005,758.770763316328,1078.8144904915891
2020-04-29,7858.021364279182,3308.2785706996883,5823.162622215171,763.2679706956167,1078.8423170558278
2020-04-30,7449.708539973647,3308.363903281869,5823.312822838363,723.7602456539088,1078.8701443378154
2020-05-01,7685.389504302122,3308.3704674959627,5823.324377030472,746.6573176334052,1078.8722849531812
2020-05-04,7683.867675228791,3308.3770317230806,5823.335931245505,762.7602214753744,1078.874425572794
2020-05-05,7683.882920997988,3308.383595963223,5823.347485483463,780.5314441838536,1078.8765661966543
2020-05-06,7683.898166797434,3308.390160216389,5823.359039744347,756.0869460093331,1078.8787068247616
2020-05-07,7683.913412627129,3308.39672448258,5823.370594028155,786.2617568123022,1078.8808474571163
2020-05-08,7644.097653089167,3308.4032887617946,5823.382148334889,782.3448342561477,1078.8829880937183
2020-05-11,7436.67676356328,3308.409853054034,5823.393702664548,761.1160811431613,1078.8851287345676
2020-05-12,7421.557245248129,3308.416417359298,5823.4052570171325,759.5686549481372,1078.887269379664
2020-05-13,7474.003074618007,3308.422981677586,5823.416811392642,764.9362895621271,1078.889410029008
2020-05-14,7709.77306733797,3308.429546008899,5823.428365791076,789.0664667907832,1078.8915506825992
2020-05-15,8019.014462419003,3308.436110353236,5823.439920212437,820.7161681858848,1078.893691340438
2020-05-18,8158.529142997372,3366.6579130108667,5925.920717336543,806.1123334703453,1078.8958320025238
2020-05-19,7867.849682324815,3246.707577690564,5714.786650409514,834.8364322154795,1078.897972668857
2020-05-20,7866.291723240964,3296.3689098907885,5802.199486800918,822.0701661065309,1078.9001133394377
2020-05-21,7652.09723193775,3205.951452986002,5959.052548688484,799.8500930873574,1078.9022540142657
2020-05-22,7630.585034090706,3196.9386216203993,5975.828768712891,797.6014893977131,1078.904394693341
2020-05-26,7317.154602610021,3065.622628532701,5974.645459792454,764.8395754249381,1078.906535376664
2020-05-27,7239.664424948205,3065.015586607064,5974.657314247731,756.739766435359,1078.908676064234
2020-05-28,7293.560578269326,3065.021667987196,5974.669168726528,762.3733649266186,1078.9108167560514
2020-05-29,7368.506302616388,3065.027749379394,5974.681023228847,770.207210038928,1078.9129574521164
2020-06-01,7367.047221445281,3065.0338307836582,5974.692877754686,794.675886747746,1078.9150981524288
2020-06-02,7637.941942822052,3065.039912199989,5974.704732304046,765.2989675765862,1078.9172388569884
2020-06-03,7927.061536621873,2948.417880598237,5974.716586876926,736.3330834884795,1078.9193795657957
2020-06-04,7852.127680251603,2976.3007307748885,5974.7284414733285,743.2965013660878,1078.9215202788503
2020-06-05,8018.181963339957,2913.37068621033,5974.740296093252,727.5804540728748,1078.9236609961524
2020-06-08,7926.819510721488,2879.0091971674487,5974.7521507366955,735.8736913368318,1078.925801717702
2020-06-09,7865.124129934791,2856.6015255322613,5974.764005403661,741.6040039652803,1078.927942443499
2020-06-10,7863.566710553562,2729.1126127185066,5974.775860094147,774.7044174182167,1078.9300831735434
2020-06-11,8244.63812412505,2728.5722051157295,5974.787714808155,737.0100824488026,1078.9322239078351
2020-06-12,8293.897407017921,2728.5776189494695,5974.799569545684,732.6095892067029,1078.9343646463744
2020-06-15,8292.25508372407,2728.583032793951,5974.811424306734,752.0491307816926,1078.9365053891613
2020-06-16,8511.105841599765,2800.5963100779313,6132.499772671754,732.0534829178662,1078.9386461361955
2020-06-17,8458.010209924854,2816.9584088669053,6168.328059220136,736.6232259000467,1078.9407868874775
2020-06-18,8456.335389691892,2781.545322603234,6090.783593893206,727.3628472641996,1078.9429276430071
2020-06-19,8456.352168135125,2877.6137218392814,6301.145735111483,752.4843443990433,1078.945068402784
2020-06-22,8121.842101464381,2877.0439086604883,6549.166532037663,782.1030489131756,1078.9472091668085
2020-06-23,8002.860103702924,2834.3208664127824,6645.1354002439375,793.5636741700724,1078.9493499350806
2020-06-24,8001.275410413299,2884.0737072649044,6643.819557989923,779.636838414856,1078.9514907076002
2020-06-25,8001.291285959748,2900.3613671102094,6643.832740171585,784.35165260282,1078.9536314843674
2020-06-26,8001.307161537696,2919.4944544336063,6643.845922379402,789.5258589424318,1078.9557722653822
2020-06-29,8001.323037147144,2948.5517125321835,6643.859104613375,797.3838825890382,1078.9579130506445
2020-06-30,8001.338912788089,2947.9678525055915,6643.872286873503,822.2877729152065,1078.9600538401544
2020-07-01,8012.964635298983,2952.2511676604454,6643.893378531556,820.9337749945604,1078.9634791101666
2020-07-02,8102.696147297913,2985.3113361663422,6643.914470256566,811.7459319616049,1078.9669043910526
2020-07-06,8241.607644705595,3036.4910990991143,6643.935562048536,825.9870886626858,1078.9703296828127
2020-07-07,8451.978292329535,3113.998865369955,6643.956653907462,847.0707705698884,1078.9737549854465
2020-07-08,8450.314728390891,3013.3106660896174,6643.977745833347,874.1265504485123,1078.9771802989544
2020-07-09,8485.608856716744,3026.4989158558656,6643.998837826191,870.3063420295466,1078.9806056233365
2020-07-10,8568.880398104013,3056.1987563724037,6644.019929885994,861.7713194226172,1078.9840309585923
2020-07-13,8567.1938248626,2954.73790243881,6644.041022012756,833.5066128291309,1078.9874563047224
2020-07-14,8888.306492736438,3066.0773379741636,6893.070725513828,864.9145288812598,1078.9908816617265
2020-07-15,8925.328677507163,3052.099338905173,6921.782217207571,868.5171304915502,1078.9943070296047
2020-07-16,8923.57194619351,3101.059707658854,6810.790129779214,854.5902947363336,1078.997732408357
2020-07-17,8633.522498564804,3000.883885221416,7030.847357470151,882.2021809037942,1079.0011577979838
2020-07-20,8416.12432201496,2925.319515661553,7207.933685606635,904.4222539229677,1079.0045831984844
2020-07-21,8414.46781504807,2886.8614500915355,7206.514981235092,916.3180927972153,1079.0080086098596
2020-07-22,8594.404922749362,2948.017454092741,7206.537859060429,936.0961338523665,1079.011434032109
2020-07-23,8441.678640677606,2895.629912512702,7206.560736958394,919.4613022558577,1079.0148594652328
2020-07-24,8623.041090412262,2957.8401146314704,7359.94639533639,939.2151647767116,1079.0182849092312
2020-07-27,9035.046848464453,3099.1646364386215,7711.6019495706905,984.0905244324094,1079.0217103641037
2020-07-28,9033.268521828819,3077.99641506443,7658.92940184643,977.3688918977737,1079.0251358298508
2020-07-29,8938.052020691252,3046.1679374449764,7579.73110848177,967.2622645615229,1079.0285613064725
2020-07-30,8631.068294723525,2941.5451425456504,7319.399876113839,934.0409584371001,1079.0319867939686
2020-07-31,8904.761909695882,3034.822370366901,7551.500114823165,963.6596629512323,1079.0354122923393
2020-08-03,8817.850214310125,3063.250399788148,7477.796439829857,954.2542131096018,1079.0392659902404
2020-08-04,8816.118136634008,3198.1626598178477,7810.126094440764,996.6633622669798,1079.0431197019045
2020-08-05,8816.14962277021,3204.6022776263735,7825.85206976919,998.6701806136518,1079.046973427332
2020-08-06,8761.025038344887,3185.2058379185733,7824.314848866453,992.6255470393392,1079.0508271665226
2020-08-07,8473.785306368125,3080.7754011637207,7566.221318650056,960.0812398752394,1079.0546809194768
2020-08-10,8472.120812868616,3054.085898485253,7500.673312757216,951.763824076985,1079.0585346861942
2020-08-11,8472.151070442946,2812.8717709931293,6908.264183191627,876.5927609468321,1079.0623884666752
2020-08-12,8426.1175231365,2797.025420822869,6869.34638592678,881.1866824633097,1079.0662422609196
2020-08-13,8135.326942871826,2700.4983260009863,6632.280950259901,911.6032786092514,1079.0700960689276
2020-08-14,8133.728932263436,2719.7848893931005,6679.647729105833,905.0992528832909,1079.0739498906992
2020-08-17,8133.757981295335,2545.794462813125,6252.336450804547,963.0068425252067,1079.0778037262344
2020-08-18,8183.447786699009,2561.8560925750126,6291.7829633516,956.9380304165969,1079.0816575755334
2020-08-19,8486.83430241837,2465.8734728438067,6056.05472968815,921.4681206025296,1079.085511438596
2020-08-20,8311.194665147887,2413.854536665303,5928.298975815725,940.5449841630606,1079.0893653154226
2020-08-21,8511.449135230901,2472.0152681332365,6071.138653831439,917.8896975265365,1079.0932192060127
2020-08-24,8509.777243479484,2458.9148050056024,6100.927608973205,913.3924901472478,1079.0970731103669
2020-08-25,8509.807635541067,2451.6897862682986,6118.897516235884,910.7086728402529,1079.100927028485
2020-08-26,8509.838027711194,2511.507734302113,5969.6483163008625,932.9287458594265,1079.1047809603672
2020-08-27,8509.868419989862,2511.0144024384213,5968.475706840321,912.2802775695742,1079.1086349060133
2020-08-28,8509.898812377076,2511.0233703470008,5968.497022824988,942.1891244952736,1079.1124888654235
2020-08-31,8509.929204872833,2511.032338287609,5968.518338885783,948.1854010009916,1079.116342838598
2020-09-01,8509.96297443317,2511.04230270165,5968.542023482367,935.3949563577459,1079.1206250463076
2020-09-02,8528.71815335512,2516.57640993681,5968.565708172936,937.6435600473901,1079.1249072710102
2020-09-03,8434.809884220893,2543.299347611572,6033.138231384921,927.319325902464,1079.129189512706
2020-09-04,8433.156393754458,2572.8950950820945,6103.3443735437295,916.5356996058899,1079.1334717713946
2020-09-08,8367.398505330882,2552.318259012405,6149.7632252449985,909.5722817282818,1079.1377540470762
2020-09-09,8743.296413344238,2666.978878264113,5873.5394100816975,950.4340046906359,1079.142036339751
2020-09-10,8911.35801754302,2718.242924163467,5988.78862633537,931.7923547474554,1079.146318649419
2020-09-11,9003.691750402322,2689.0125231358893,6050.840583858152,922.1451195628524,1079.1506009760803
2020-09-14,9366.007634241552,2798.296178746162,5804.977524609564,959.6218477235913,1079.154883319735
2020-09-15,9374.739078523697,2794.5903623519725,5799.61191568667,960.5164534925894,1079.1591656803832
2020-09-16,9372.901332100906,2790.673130176766,5791.482485804603,961.8704514132355,1079.1634480580249
2020-09-17,9372.938526153812,2840.150424567661,5894.162688946744,944.8245847336736,1079.16773045266
2020-09-18,9208.440084589802,2839.59366493529,5996.475312162875,928.4315384801375,1079.1720128642887
2020-09-21,8850.164888007044,2728.5449307449044,5760.770286418829,892.3088082400446,1079.1762952929114
2020-09-22,8848.429974776094,2745.993422661668,5797.609245031641,898.0149423341958,1079.1805777385277
2020-09-23,9369.664828707339,2907.202580306164,5454.97571498233,844.94305955173,1079.1848602011378
2020-09-24,9130.84571974293,2980.163133530314,5594.058393892373,866.4861336105806,1079.189142680742
2020-09-25,9175.76091404598,2993.6306755164082,5619.3382906351935,862.2307115742643,1079.1934251773398
2020-09-28,9073.168963498036,3025.9280377737805,5556.509836251369,871.8779467588676,1079.1977076909318
2020-09-29,9193.333347075915,3067.213578512003,5630.099844549875,883.7737856331149,1079.201990221518
2020-09-30,9132.718517203966,3046.990377391859,5592.978646899838,877.9467588674775,1079.2062727690984
2020-10-01,9130.924590398514,3080.471943859693,5654.43656541143,887.5939940520805,1079.2101270772152
2020-10-02,9130.957200843479,3079.8668511719993,5570.028193485512,874.3441572571869,1079.2139813990975
2020-10-05,9269.774316948864,3126.689788227139,5655.822831850701,887.8116008607558,1079.2178357347452
2020-10-06,8922.905662881358,3009.6911816325887,5654.711866680163,854.590294736333,1079.2216900841586
2020-10-07,8921.152949314088,3033.022780460724,5697.417138275988,861.2152131337798,1079.2255444473374
2020-10-08,8921.184810574621,3080.8781028406224,5787.311528664819,874.8035494088348,1079.2293988242816
2020-10-09,8921.216671948943,3223.507403533472,6055.235207782166,915.3025943567301,1079.2332532149915
2020-10-12,8921.248533437056,3228.9680194982275,6042.598807297944,913.3924901472474,1079.2371076194672
2020-10-13,8921.28039503896,3263.8646554116444,5977.33739794622,903.5276481539689,1079.2409620377086
2020-10-14,8768.918212541117,3208.7754798612823,5874.057911914051,918.7843032955343,1079.2448164697157
2020-10-15,8897.51472433238,3255.832291640113,5960.201189707623,905.3168596919654,1079.2486709154887
2020-10-16,8785.834861052863,3214.9657219903843,5885.389910984515,894.3156265867162,1079.2525253750275
2020-10-19,8640.465263968237,3161.771201601844,5788.010803184711,879.5183635967987,1079.2563798483322
2020-10-20,8703.1737223052,3184.7178591728743,5830.0174802810225,885.901496651273,1079.260234335403
2020-10-21,8788.210191017562,3215.834917068109,5886.981079408529,894.5574119296888,1079.2640888362398
2020-10-22,8786.483935488728,3161.7711999465128,5788.010800154423,879.5183635967987,1079.2679433508426
2020-10-23,8786.515315788498,3161.1501377624977,5786.87386949078,871.2009477985443,1079.2717978792116
2020-10-26,8786.546696200337,3114.1078168616004,5786.8945368974555,858.4105031552988,1079.2756524213469
2020-10-27,8913.482856696362,3159.7190615238655,5786.915204377943,870.9833409898691,1079.2795069772483
2020-10-28,8387.428268291445,3344.9575690240113,5786.9358719322445,819.5797770739138,1079.283361546916
2020-10-29,8477.001066265344,3379.341763511639,5847.579556272779,828.3324064895186,1079.2872161303499
2020-10-30,8626.454024851653,3318.4350046881623,5742.187103345822,842.9362412050581,1079.2910707275503
2020-11-02,8624.759542854643,3223.939994228083,5578.673872070291,866.9455257622282,1079.294925338517
2020-11-03,8624.790345567295,3160.124408579343,5468.248013981473,884.1122851132762,1079.2987799632504
2020-11-04,8624.821148389958,3233.519666301345,5595.250441855642,863.58470949491,1079.30263460175
2020-11-05,9250.693948875816,3467.518074135975,6000.158971862465,926.4247201334653,1079.3064892540162
2020-11-06,9279.665742996693,3455.2960852436286,5979.010163193402,929.3261442491353,1079.3103439200493
2020-11-09,9277.842951558347,3667.6583969295853,6346.479806467129,872.2164462390286,1079.3141985998489
2020-11-10,9590.081650922151,3791.8241619401897,6561.335017888682,842.6944558620853,1079.3180532934152
2020-11-11,9694.7101874426,3748.965419326076,6487.172673664162,833.50661282913,1079.3219080007484
2020-11-12,9692.80586941905,3784.744423903268,6549.084309228351,841.4613506129256,1079.3257627218482
2020-11-13,9692.840486582867,3835.748538489679,6637.341324532824,852.8010831983364,1079.3296174567151
2020-11-16,9692.875103870318,3811.062113406965,6594.624178788698,847.3125559128604,1079.3334722053487
2020-11-17,9692.909721281401,3735.3715783024345,6463.650025638628,830.4842960419738,1079.3373269677493
2020-11-18,9692.94433881612,3615.745721518334,6256.650626499604,803.8879083149978,1079.3411817439169
2020-11-19,9612.582929027743,3586.491763050343,6206.029866171499,797.3838825890374,1079.3450365338515
2020-11-20,9709.93587085194,3622.8145210997777,6268.8824073647875,805.4595130443192,1079.3488913375534
2020-11-23,9708.028562069223,3775.817374259367,6001.665012919299,771.125994342223,1079.3527461550223
2020-11-24,9708.063233599802,3673.2018530584,5840.958214307419,750.4775260523706,1079.3566009862586
2020-11-25,9708.097905254206,3737.461288682075,5943.140640802808,763.6064701757779,1079.360455831262
2020-11-27,9645.054342005946,3712.4430415233,5903.357764147677,768.4179985009307,1079.3643106900327
2020-11-30,9531.012900293672,3668.547761961612,5833.557490712748,777.509127396697,1079.3681655625705
2020-12-01,9166.521279807808,3528.252608385021,5610.4665301578825,807.2487245823156,1079.3720204488761
2020-12-02,9171.803273234616,3530.2856814033166,5613.699430232952,806.789332430668,1079.375875348949
2020-12-03,9058.462119617743,3486.6599472039097,5544.327775551071,797.1420972460648,1079.3797302627895
2020-12-04,9002.411698496273,3465.0857819904895,5510.021521073051,792.2096762494257,1079.3835851903975
2020-12-07,9000.64336767241,3584.801238869173,5700.3875856695,819.5797770739138,1079.387440131773
2020-12-08,9035.81608804778,3598.0929669298584,5721.523485983217,816.218960806596,1079.3912950869164
2020-12-09,9281.864245925733,3498.7022122268895,5563.476836675026,793.9988877874222,1079.3951500558273
2020-12-10,9280.041022638608,3506.7033360389323,5548.568162446712,791.8711767692643,1079.399005038506
2020-12-11,9280.07416564226,3529.106356581331,5513.160061232895,786.8178631011389,1079.4028600349525
2020-12-14,9280.10730876428,3451.239057464475,5393.721245025257,769.771996421577,1079.406715045167
2020-12-15,9570.322399673738,3559.85926907984,5563.47684099355,793.9988877874224,1079.4105700691491
2020-12-16,9740.809887147565,3623.2752583433285,5562.384015213607,808.1433303513143,1079.4144251068994
2020-12-17,9398.922490459516,3496.1038875937893,5562.403880870804,836.1904301361254,1079.4182801584175
2020-12-18,9575.368895932656,3561.736407146191,5665.714666626287,820.4985613772095,1079.4221352237037
2020-12-21,9568.717068747246,3559.2621364086554,5661.77880209158,820.256776034237,1079.4259903027578
2020-12-22,9281.867095001911,3664.5630357576038,5492.050604563791,795.6672066539329,1079.4298453955803
2020-12-23,9447.71546064904,3728.575611298555,5590.182543697966,809.8841848207163,1079.4337005021707
2020-12-24,9475.356853717274,3716.20203635528,5606.537866173238,812.2536811818469,1079.4375556225295
2020-12-28,9473.495622954597,3748.7511568604,5557.471896881405,805.145192098455,1079.4414107566565
2020-12-29,9473.529456867534,3750.4037595159266,5562.14484623236,805.822191058778,1079.445265904552
2020-12-30,9473.56329090131,3837.5020699651764,5691.318516494297,824.5363766048501,1079.4491210662159
2020-12-31,9608.969847737826,3891.584355707086,5771.526815707035,812.5921806620082,1079.452976241648
2021-01-04,8943.432635427353,4159.594738081625,6169.007370508344,868.8798085060083,1079.4568314308488
2021-01-05,8953.949104639149,4162.822114899244,6173.793825110043,867.8643100655237,1079.460686633818
2021-01-06,8960.997810071714,4157.909674240418,6178.653943652826,867.1873111052006,1079.4645418505559
2021-01-07,8989.044634798,4169.260257904752,6197.992373130761,864.4793152639086,1079.4683970810624
2021-01-08,9411.48383113905,4365.194200191328,6489.266365352089,823.859377644527,1079.4722523253374
2021-01-11,9586.6664080712,4446.4466341878315,6610.055650514567,808.5301869000699,1079.4761075833815
2021-01-12,9544.019174338582,4464.48027446787,6636.864330712342,812.1327885103605,1079.4799628551941
2021-01-13,9542.1444563347,4421.149999488645,6572.449854945878,804.2505863294566,1079.4838181407756
2021-01-14,9542.178535422043,4426.067852614587,6579.760700103354,805.1451920984548,1079.487673440126
2021-01-15,9542.212614631097,4425.1984464516145,6363.991970468677,778.7422326458568,1079.4915287532453
2021-01-19,9631.554841409026,4425.214250731779,6424.849816499951,786.18922120941,1079.4953840801338
2021-01-20,9965.975617473596,4577.978709216539,6423.587792461314,813.4867864310065,1079.4992394207911
2021-01-21,9964.018015170517,4533.620824496937,6423.610733846286,805.6045842501026,1079.5030947752175
2021-01-22,9964.05360094914,4472.662748410831,6423.633675313192,794.7726008849341,1079.5069501434132
2021-01-25,9964.089186854859,4471.30207702674,6423.656616862031,794.5308155419615,1079.510805525378
2021-01-26,9964.124772887666,4455.518289835406,6423.679558492805,791.7261055634805,1079.514660921112
2021-01-27,9964.160359047568,4454.64309876527,6423.702500205513,761.5996518291058,1079.518516330615
2021-01-28,10213.019279755828,4565.899605460551,6584.137059019147,780.773229526826,1079.5223717538875
2021-01-29,10180.75964966363,4578.528061612099,6602.347596553999,778.3070190285061,1079.5262271909294
2021-02-01,10178.759857641027,4417.978034479455,6370.8305955655505,805.6045842501026,1079.5300826417406
2021-02-02,10487.484367362162,4552.86008436281,6565.333755944147,781.0150148697983,1079.5339381063213
2021-02-03,10492.104655342055,4549.06568668482,6559.862143222215,780.6765153896366,1079.5377935846718
2021-02-04,10490.043706266337,4447.2020067733065,6412.972266565407,763.1954350927243,1079.5416490767916
2021-02-05,10246.415632478102,4343.027654207047,6262.750344359641,780.7732295268258,1079.545504582681
2021-02-08,10074.826764671318,4270.298299399614,6157.872865298672,793.8538165816384,1079.54936010234
2021-02-09,10072.847780893446,4273.320208366058,6162.230530717147,793.2977102928018,1079.5532156357688
2021-02-10,10072.883755349805,4272.480806203863,6143.868615640473,795.6672066539322,1079.5570711829673
2021-02-11,10072.919729934645,4272.496065063884,6224.9395736502165,785.1737227689251,1079.5609267439359
2021-02-12,10072.955704647966,4272.511323978402,6223.716817693986,784.4483667400077,1079.5647823186744
2021-02-16,10072.991679489765,4272.526582947416,6223.7390452540485,769.7961749558737,1079.5686379071824
2021-02-17,10334.595806765054,4383.487717787651,6223.761272893495,749.6554558862636,1079.5724935094606
2021-02-18,10460.664694765448,4436.960677202583,6223.783500612326,740.5159699219029,1079.5763491255088
2021-02-19,10439.061358360043,4427.797478025084,6212.174915812441,739.282864672743,1079.5802047553268
2021-02-22,10897.579795644182,4622.281130389942,6485.034384374998,771.754636233951,1079.5840603989152
2021-02-23,11141.847684819766,4725.888984250097,6630.395619622436,754.1526632655523,1079.5879160562738
2021-02-24,11053.338308281176,4761.574228215628,6680.461815858267,760.1489397712705,1079.5917717274024
2021-02-25,11051.16711688361,4574.2251539075705,6417.6121201137585,730.2400928455712,1079.5956274123014
2021-02-26,11051.206585337597,4397.6293443821805,6169.849194276299,702.0479218549767,1079.5994831109706
2021-03-01,11051.241668533105,4425.583273812527,6209.068399776873,697.3089291327154,1079.6029104109168
2021-03-02,11051.276751839989,4578.493624999822,6423.600761007963,721.6808917043444,1079.6063377217436
2021-03-03,11284.246589754623,4674.096270612037,6557.730734184244,706.32752242559,1079.6097650434506
2021-03-04,11280.455487384721,4672.525941808272,6555.527571719669,706.5693077685625,1079.613192376038
2021-03-05,11104.119206514413,4599.484933156633,6453.051448088619,717.6188979424061,1079.616619719506
2021-03-08,11264.69062280661,4665.99590950659,6546.365973190088,707.2463067288854,1079.6200470738543
2021-03-09,11262.473445661573,4524.694557469231,6348.120972362187,728.6684881162497,1079.6234744390829
2021-03-10,11302.076379379863,4539.700082018804,6369.173638765314,731.3764839575417,1079.6269018151922
2021-03-11,11504.21275423493,4620.892111404016,6483.085598563369,744.4570710123545,1079.630329202182
2021-03-12,11475.397856311933,4609.318043943009,6466.847247122946,746.0286757416759,1079.6337566000525
2021-03-15,11273.893473002494,4528.379866325845,6353.29143992528,759.1334413307859,1079.6371840088034
2021-03-16,11271.674484502862,4548.023856605964,6380.851847615619,755.8451606663598,1079.6406114284352
2021-03-17,11509.918113005102,4643.243511512874,6244.747385182904,771.9722430426261,1079.6440388589476
2021-03-18,11308.761316865981,4722.564840965914,6353.925376137409,758.4806209047601,1079.6474663003407
2021-03-19,11375.453086321511,4694.744188570304,6352.674762285955,762.9536497497515,1079.6508937526148
2021-03-22,11274.514187575885,4736.432320291453,6352.694929507422,756.1836601465212,1079.6543212157694
2021-03-23,10972.057989044286,4607.475662551681,6352.715096792912,735.8978698711278,1079.657748689805
2021-03-24,10864.26967040585,4562.212316757314,6352.735264142425,728.6684881162498,1079.6611761747213
2021-03-25,10840.837427105493,4552.37245892634,6337.763029312228,727.0968833869284,1079.6646036705185
2021-03-26,11013.875539399638,4625.0360277741565,6438.924453245934,738.7025798496088,1079.668031177197
2021-03-29,10967.361880495842,4642.7477718307055,6463.582549146265,741.5314683623872,1079.6714586947562
2021-03-30,11317.883587369688,4789.274935582838,6667.57606013356,717.8365047510813,1079.6748862231964
2021-03-31,11558.858713254049,4685.418617235898,6522.988432315654,733.4074808385109,1079.6783137625177
2021-04-01,11939.16205101079,4837.701570308109,6308.408822422124,757.5376580671673,1079.6813128689448
2021-04-05,11889.868054138396,4817.727836384618,6284.886247215805,760.3665465799457,1079.6843119837029
2021-04-06,11690.685813675509,4737.019974865708,6179.600156733151,773.1086341545971,1079.6873111067916
2021-04-07,11688.380150699102,4776.453557064166,6231.042576656881,766.6771440315282,1079.6903102382114
2021-04-08,11688.412618421742,4775.511534303432,6092.5397159712475,783.7230107110901,1079.6933093779621
2021-04-09,11688.445086234571,4775.52479961325,6094.453164755983,783.4812253681177,1079.6963085260438
2021-04-12,11921.715924539532,4870.831802823101,6217.301422174898,767.6926424720128,1079.6993076824563
2021-04-13,11739.676643674067,4943.285956567246,6122.366004573908,779.4192316061793,1079.7023068472001
2021-04-14,11737.361318617546,4908.9362826959195,6164.942827789606,774.0032399235952,1079.7053060202745
2021-04-15,11737.393922398987,5109.360488512283,5913.272084983378,805.6045842501022,1079.7083052016803
2021-04-16,11625.202390653963,5059.500942676211,5857.932901519998,813.1482869508443,1079.7113043914171
2021-04-19,11705.80790956219,5094.581940425458,5898.549976852484,807.5146884595848,1079.7143035894846
2021-04-20,11703.499264172504,5034.203800731125,5828.643657028592,817.089388041296,1079.7173027958836
2021-04-21,11703.53177389268,4950.0651915204935,5731.22726502326,830.7502599192429,1079.7203020106135
2021-04-22,11703.564283703165,5030.7713029693505,5824.669482144367,817.2102807127824,1079.7233012336746
2021-04-23,11654.477178845696,5050.893164483013,5823.520727914817,813.9461785826535,1079.726300465067
2021-04-26,11636.820978103777,5049.897016134425,5823.5369043612845,812.7130733334936,1079.7292997047905
2021-04-27,11395.865763920836,4944.322482593181,5823.5530808526855,795.8848134626071,1079.7322989528452
2021-04-28,11454.027363739582,4969.557046738176,5852.110302950733,799.9468072245453,1079.7352982092311
2021-04-29,11451.768375067382,4872.97475599086,5738.375776221447,784.4000096714129,1079.7382974739485
2021-04-30,11325.930806511817,4820.40274627785,5676.467401532346,775.937522667375,1079.741296746997
2021-05-03,11752.259013832576,5001.851290904588,5890.139744455246,805.145192098454,1079.744296028377
2021-05-04,11861.26385613907,5048.244585211992,5944.772113708837,797.3597040547394,1079.7472953180882
2021-05-05,11784.000266701485,5015.360610810693,5906.0482106354,802.5580889286482,1079.7502946161308
2021-05-06,11781.676200041757,4846.915398376093,5707.688486841051,829.5171546700831,1079.7532939225048
2021-05-07,11781.708926920091,4845.959478974791,5610.063294038346,843.7099543025695,1079.75629323721
2021-05-10,11781.741653889332,4845.972939973344,5612.988318037618,843.274740685219,1079.7592925602469
2021-05-11,11855.054371038636,4876.127347861262,5611.881312036587,848.6907323678029,1079.762291891615
2021-05-12,11629.78097065306,4966.861665957618,5611.896900595786,832.5636499915365,1079.7652912313147
2021-05-13,11614.385949050511,4962.273485288796,5611.912489198288,833.3373630890486,1079.768290579346
2021-05-14,11320.266101030826,5085.979538502893,5752.935975014702,854.4452235305486,1079.7712899357089
2021-05-17,10776.402688226546,4839.59769712626,6029.358204787833,895.5003747672805,1079.774289300403
2021-05-18,10802.358278189566,4851.254148452992,6041.468519802806,893.3484852148251,1079.7772886734292
2021-05-19,10800.227813139278,4779.462308206826,6128.490858551797,880.4855049686876,1079.7802880547868
2021-05-20,10931.528408224634,4838.523107210777,6201.770482996355,891.3658454024505,1079.7832874444757
2021-05-21,10859.177383742259,4806.499030547814,6160.723665818277,885.4662830339214,1079.7862868424963
2021-05-24,10857.035712701996,4829.073380566559,6189.658308583637,889.6249909330484,1079.7892862488488
2021-05-25,10857.065871134531,4834.585721502868,6196.7237441625375,890.640489373533,1079.7922856635328
2021-05-26,10846.641720501359,4830.910827506896,6192.013453727343,889.96349041321,1079.7952850865483
2021-05-27,10773.855357764369,4798.493012214226,6150.461962590371,883.991392441789,1079.798284517896
2021-05-28,10771.730514123243,4824.217271600484,6183.433997449704,888.7303851640501,1079.8012839575752
2021-06-01,10771.756161100659,4839.441833357075,6202.948058998334,891.5350951425313,1079.8038549130133
2021-06-02,10761.473428607875,4833.854207452925,6207.658349489928,892.2120941028545,1079.8064258745728
2021-06-03,11134.229016778214,4664.508792903675,5992.667229321429,861.3119272709678,1079.8089968422535
2021-06-04,10984.56708759881,4727.229498259083,6073.246842796506,872.8934451993508,1079.8115678160557
2021-06-07,10999.832633476142,4720.682451950753,6064.835609888021,871.6845184844883,1079.814138795979
2021-06-08,10836.165182544177,4652.3312880021,5977.022337694341,859.0633235813235,1079.816709782024
2021-06-09,10816.341069982525,4643.820127681657,5966.0877347596415,857.4917188520022,1079.8192807741902
2021-06-10,10814.203555016202,4759.8337905840135,6115.13478487694,878.9139002393665,1079.8218517724779
2021-06-11,10998.025955318177,4839.790610632097,6217.8582733591265,863.8023163035847,1079.8244227768869
2021-06-14,11074.115733553625,4873.274673659873,6260.876489450037,857.8302183321638,1079.8269937874175
2021-06-15,11071.927277405086,4926.592237966601,6329.375539308032,848.4489470248305,1079.8295648040694
2021-06-16,11071.9536391367,4925.618649525418,6469.012326765481,829.7347614787584,1079.832135826843
2021-06-17,11626.664447107596,5172.3947822556665,6794.407109705979,788.0026112817034,1079.8347068557377
2021-06-18,11893.208059921064,5290.97296935583,6950.170254517221,769.941246161657,1079.8372778907542
2021-06-21,12117.0226776841,5390.542159330868,6816.630174759515,784.7385091515746,1079.8398489318922
2021-06-22,12045.341990113086,5358.6533217311,6773.578375730692,780.0962305665024,1079.8424199791516
2021-06-23,12042.96160116161,5324.937518871058,6730.960087242605,775.1879881041605,1079.8449910325328
2021-06-24,12042.99027487971,5332.411464813365,6740.4074904569325,776.2760221475369,1079.8475620920353
2021-06-25,12043.018948666078,5323.110554255798,6728.650721947231,774.9220242268907,1079.8501331576595
2021-06-28,11903.834725565484,5262.654636383224,6652.231727584235,766.1210377426914,1079.8527042294052
2021-06-29,11795.26286123787,5214.655295132512,6591.558405310027,759.133441330786,1079.8552753072724
2021-06-30,11668.128848392595,5158.449675887373,6520.511979229523,767.0156435116897,1079.8578463912613
2021-07-01,11675.191376921417,5161.572001538197,6524.458739029161,766.5562513600419,1079.8612745114087
2021-07-02,11672.89340280463,5230.9787968747605,6612.19204435682,777.1706279165352,1079.864702642439
2021-07-06,11672.930459609082,5240.092284004202,6623.711901238986,778.524625837181,1079.868130784352
2021-07-07,11672.967516531175,5249.043030428713,6635.026046563867,779.85444522353,1079.871558937148
2021-07-08,11673.004573570908,5117.87391756615,6469.222399060392,760.3665465799459,1079.8749871008272
2021-07-09,11890.411100977552,5214.216496879611,6591.003744618488,774.6802388839184,1079.8784152753892
2021-07-12,11741.595403993437,5277.422992828271,6670.8995931570225,764.9846466307207,1079.8818434608345
2021-07-13,11876.679977031738,5336.027658227232,6744.97852128128,773.7856331149201,1079.885271657163
2021-07-14,12034.402345545312,5263.064651812937,6652.750005495058,784.0615101912517,1079.8886998643745
2021-07-15,12032.033669588895,5229.015066015306,6609.709800388654,789.1390023936744,1079.8921280824693
2021-07-16,12394.299561385898,5387.49840924438,6810.039861349413,765.2264319736934,1079.8955563114473
2021-07-19,12654.020594036696,5272.483249099589,6664.6555353138765,749.196063734616,1079.8989845513088
2021-07-20,12683.2627905344,5286.77643250093,6682.722760826499,751.2270606155851,1079.9024128020533
2021-07-21,12794.705686676343,5333.229280370058,6741.441246036472,757.8278004787346,1079.9058410636812
2021-07-22,12859.065717474054,5360.05653291822,6775.352097668462,753.717449648202,1079.9092693361924
2021-07-23,12957.323915572533,5316.989483354613,6720.9134135222885,747.9629584854563,1079.912697619587
2021-07-26,12954.773585216522,5373.880499268653,6792.826211763208,755.9660533378461,1079.9161259138652
2021-07-27,12882.655656919906,5342.889869964631,6753.652664996762,760.0280470997843,1079.9195542190268
2021-07-28,12699.132760582666,5266.776477675045,6657.441920027409,770.8600304649526,1079.9229825350717
2021-07-29,12696.633248801885,5131.018869772182,6485.838208792234,790.734785657293,1079.9264108620005
2021-07-30,12696.673555574105,5145.799361604522,6504.521414039379,788.4620034333514,1079.9298391998127
2021-08-02,12756.141489330865,5170.930114894099,6536.287814444081,784.6176164800885,1079.9341246356826
2021-08-03,12648.143162215998,5127.151061290505,6480.949125225898,791.2667134118324,1079.9384100885584
2021-08-04,12758.00558627192,5171.685759931248,6537.242983695766,784.4000096714132,1079.9426955584397
2021-08-05,12938.218006954976,5096.605801364131,6442.338545347685,773.3262409632724,1079.9469810453268
2021-08-06,12935.681705553901,4940.603520849617,6245.14465904559,749.6554558862637,1079.95126654922
2021-08-09,13248.610087810643,5059.134040450337,6394.972557255694,731.3764839575421,1079.955552070119
2021-08-10,13410.331718364127,5120.889303892125,6473.033982752372,722.4546048018565,1079.9598376080241
2021-08-11,13662.582395627362,5217.214124353347,6594.792880323953,736.3330834884786,1079.9641231629353
2021-08-12,13461.596088660459,5140.465192918178,6497.778785342016,725.5011001233102,1079.9684087348526
2021-08-13,13737.95226604227,5245.994975666287,6631.1731685015575,740.3950772504166,1079.9726943237763
2021-08-16,13657.647471814902,5215.329666973957,6592.410841593576,736.0671196112088,1079.9769799297062
2021-08-17,13495.243354281924,5153.313788034601,6514.019986407622,727.3144901956038,1079.9812655526423
2021-08-18,13181.202243477683,5033.393580311655,6362.4354600208935,710.3895161875282,1079.985551192585
2021-08-19,12959.578958360951,4948.764181570268,6255.460100569843,698.4453202446863,1079.9898368495344
2021-08-20,12909.332382738043,4929.576949138709,6231.206577364401,695.737324403394,1079.9941225234902
2021-08-23,12906.801743836173,5136.52495602876,6492.798149016619,724.9449938344733,1079.9984082144526
2021-08-24,12910.349407463442,5136.909516224487,6493.284250368871,724.6064943543117,1080.002693922422
2021-08-25,13087.07582650939,5207.227336069129,6582.169131575241,714.6932952924388,1080.0069796473979
2021-08-26,13084.51034425079,5236.8641894103575,6619.631444746864,710.6313015305007,1080.0112653893807
2021-08-27,13084.562266910887,5235.837597806035,6381.169148173452,736.2363693512893,1080.0155511483704
2021-08-30,13264.67445524725,5307.910178323266,6470.28372826259,725.9604922749576,1080.0198369243672
2021-08-31,13083.204999749887,5378.444835345425,6556.264694080898,735.8978698711278,1080.024122717371
2021-09-01,13167.550920656293,5410.967675061851,6595.909675541484,731.1588771488666,1080.0279799463806
2021-09-02,13127.14952912185,5394.3654515399785,6575.671748919205,733.407480838511,1080.031837189166
2021-09-03,12816.515916307379,5266.716168248427,6420.068686158521,750.7676684639372,1080.0356944457271
2021-09-07,13178.59531369456,5415.506169280013,6601.442049734723,729.5630938852482,1080.0395517160644
2021-09-08,13235.467381610615,5438.876720338595,6629.9304926726645,726.4198844266057,1080.0434090001777
2021-09-09,13334.24201133958,5479.466373782897,6679.408830736675,721.0038927440214,1080.0472662980667
2021-09-10,13147.362292327878,5402.671522197347,6585.796757070183,711.1874078193376,1080.0511236097318
2021-09-13,13397.669048193808,5505.530571158035,6711.180798705404,724.7273870257981,1080.0549809351733
2021-09-14,13323.571323592978,5475.0814470174355,6674.063653567693,728.4508813075747,1080.0588382743908
2021-09-15,13323.66649195967,5475.120554742096,6674.11132545098,728.4508813075747,1080.0626956273845
2021-09-16,13876.998074005569,5702.502193292993,6951.287024849553,698.2035349017139,1080.0665529941543
2021-09-17,14042.888801386674,5701.382058962408,7034.385260839599,689.8619405691622,1080.0704103747007
2021-09-20,13993.959777702761,5701.402421041189,7056.131353325986,687.7342295510042,1080.0742677690234
2021-09-21,13995.927709104346,5701.422783192692,7054.745327560091,687.8309436881931,1080.0781251771225
2021-09-22,13991.499863393781,5698.478758335659,7051.102492009358,687.6133368795178,1080.081982598998
2021-09-23,13729.765007371596,5591.878999058908,6919.19959999903,674.7503566333802,1080.0858400346501
2021-09-24,13727.068089314516,5548.798266482091,6865.892976650537,669.5519717594714,1080.0896974840787
2021-09-27,13727.117114557692,5547.996764464026,6864.901225497887,669.4552576222823,1080.0935549472836
2021-09-28,13727.166139975956,5496.500260576477,6801.181214896792,663.2413743078889,1080.0974124242655
2021-09-29,13955.715241227741,5586.914402367318,6913.056578047305,652.070891462559,1080.101269915024
2021-09-30,13689.83407409724,5691.1601912352335,7042.0467476768445,664.4986580913459,1080.1051274195595
2021-10-01,13687.139567142298,5669.831024384559,7015.654766955097,662.008269058729,1080.108556324726
2021-10-04,13687.183018379019,5730.712333962589,7090.987214769261,669.1167581421207,1080.1119852407776
2021-10-05,13629.138808197882,5705.263554196017,7059.497766086455,671.8247539834128,1080.115414167715
2021-10-06,13377.596881291101,5599.966146331166,6929.206359118952,684.2283420779025,1080.1188431055377
2021-10-07,13342.227568992632,5585.1602769924475,6910.886083372045,686.0417321501964,1080.122272054246
2021-10-08,13237.451605716273,5541.300243497387,6856.615179751627,691.4335452984834,1080.12570101384
2021-10-11,13271.789994843886,5555.674560375114,6874.401467260238,689.6443337604868,1080.1291299843192
2021-10-12,13028.986964706597,5454.035322695811,6748.636554819681,702.2655286636519,1080.1325589656842
2021-10-13,12597.984923962751,5273.614514789673,6525.39002496706,725.5011001233099,1080.135987957935
2021-10-14,12327.682245933498,5160.463710526509,6385.381094207111,741.0720762107394,1080.1394169610712
2021-10-15,12455.260529010768,5213.868972516345,6451.462936725538,733.4074808385109,1080.1428459750932
2021-10-18,12572.36559696578,5262.890065163337,6512.119958218969,726.5165985637944,1080.146275000001
2021-10-19,12678.633551561417,5307.374657833915,6454.512743630662,732.9480886868632,1080.1497040357947
2021-10-20,12822.92755685504,5367.777251209477,6381.095690546192,741.2896830194147,1080.1531330824741
2021-10-21,12820.403679114985,5346.592572480151,6406.320086181695,738.3640803694474,1080.1565621400393
2021-10-22,12820.444378809205,5345.540227302422,6355.383757042145,744.2394642036793,1080.1599912084905
2021-10-25,12820.48507863263,5345.557197271397,6354.132856144297,755.0714475688477,1080.1634202878276
2021-10-26,12820.52577858526,5345.574167294245,6354.153027994634,750.3324548465866,1080.1668493780508
2021-10-27,12820.566478667095,5368.654624087346,6381.588201435246,746.9474600449714,1080.1702784791598
2021-10-28,12624.197804796342,5285.35085820471,6478.09722784827,735.6560845281554,1080.1737075911549
2021-10-29,12287.286982001291,5144.296992134761,6302.620468200951,716.0231146787877,1080.1771367140361
2021-11-01,12326.288972574905,5160.625887446559,6322.62608412332,718.2958969027292,1080.1805658478033
2021-11-02,12206.37859430438,5110.4232186909285,6261.11945491017,711.3083004908237,1080.1839949924567
2021-11-03,12333.757438485276,5163.752697032343,6326.4569465571285,718.7311105200796,1080.1874241479964
2021-11-04,12297.244936180305,5177.006607190836,6342.695193605526,716.6033995019217,1080.1908533144222
2021-11-05,12674.81741152177,5333.889720887682,6534.903132807442,738.6058657124198,1080.1942824917344
2021-11-08,12744.108184806018,5302.630689500193,6496.605613954984,742.6436809400607,1080.1977116799326
2021-11-09,12741.599820719746,5238.097079923553,6417.541195779579,751.6864527672326,1080.2011408790172
2021-11-10,12741.640270242986,5140.744765076603,6298.268398520936,765.6616455910437,1080.2045700889885
2021-11-11,12741.680719894637,5027.952776088976,6160.079429351893,782.465726927633,1080.2079993098457
2021-11-12,12706.140507378732,5014.933959585191,6144.129211179427,784.496723808602,1080.2114285415896
2021-11-15,12652.962377455664,4993.945303784984,6118.414612693248,787.7850044730282,1080.21485778422
2021-11-16,12650.471953178632,5082.722159233663,6227.181044162667,773.7856331149198,1080.2182870377367
2021-11-17,12743.99737419138,5119.282375055335,6271.973396725478,779.6610169491519,1080.2217163021398
2021-11-18,12629.385976122767,5073.2428089062305,6215.5672614649975,772.6492420029491,1080.2251455774297
2021-11-19,12626.900192280164,4988.148987487536,6111.313159998677,759.6895476196227,1080.2285748636061
2021-11-22,12626.940277677599,4888.925782686365,5989.74821099661,744.5779636838408,1080.232004160669
2021-11-23,12817.620213419104,4961.775860580417,6079.001687758758,733.1898740298357,1080.2354334686186
2021-11-24,12853.20746785678,4975.551895216576,6095.879624238952,731.1588771488666,1080.238862787455
2021-11-26,12850.67763026138,5018.691774835553,6148.733160630415,724.824101162987,1080.242292117178
2021-11-29,12840.391429937126,5017.703968860783,6152.464147363123,724.3888875456364,1080.245721457788
2021-11-30,12724.245036994791,5017.719898079731,6208.154669722264,717.8365047510813,1080.2491508092846
2021-12-01,12721.740582480368,5171.222802176432,6399.317177001895,695.7373244033939,1080.2525801716681
2021-12-02,12558.26787641125,5103.73901648636,6315.806919282224,686.9363379191948,1080.2560095449383
2021-12-03,12652.860437575937,5142.181877383793,6363.379431526427,692.1105442588064,1080.2594389290955
2021-12-06,12650.37003336326,5212.600578602761,6450.521606894126,701.5885297033286,1080.2628683241398
2021-12-07,12552.008179879847,5171.027937184301,6399.076034251129,706.9078072487238,1080.266297730071
2021-12-08,12496.27636814189,5148.068204258948,6424.969388341211,710.0510167073666,1080.2697271468892
2021-12-09,12493.816783650025,5274.843604341296,6266.790043212467,692.5699364104541,1080.2731565745942
2021-12-10,12401.90199953543,5234.98255280869,6221.939744185854,687.6133368795178,1080.2765860131865
2021-12-13,12414.112458949532,5240.136725289411,6228.06563864351,688.2903358398407,1080.2800154626657
2021-12-14,12411.669046401285,5173.132484965939,6148.42901298295,679.4893493556415,1080.2834449230322
2021-12-15,12411.708448525242,5099.317369690928,6060.697450400217,669.7937571024439,1080.2868743942859
2021-12-16,13029.766747002832,5354.264837771137,6363.710453466815,703.2810271041363,1080.2903038764268
2021-12-17,13004.681075122127,5362.465472065462,6373.4571626351235,701.9270291834903,1080.2937333694551
2021-12-20,13002.121423674633,5357.1427804247805,6367.130977909363,702.6282066781106,1080.2971628733706
2021-12-21,13002.16270025058,5326.5750836341485,6330.800318612741,706.6418433714542,1080.3005923881735
2021-12-22,13002.203976957564,5263.5487849684005,6255.891600457233,715.007616238303,1080.3040219138636
2021-12-23,13002.245253795585,5239.909406652092,6227.79546336597,718.2233612998373,1080.307451450441
2021-12-27,13002.286530764644,5238.8780594302725,6219.868123093401,719.1421456031328,1080.3108809979058
2021-12-28,13002.327807864742,5238.894690789191,6266.541463511898,713.750332454846,1080.3143105562583
2021-12-29,13002.369085095877,5238.911322200907,6265.3080490332795,716.7242921734078,1080.317740125498
2021-12-30,13002.410362458051,5238.927953665422,6265.327938900102,728.789380787736,1080.3211697056254
2021-12-31,13002.451639951265,5192.54948133076,6209.863091692466,735.0999782393185,1080.3245992966404
